log_id,line_id,production_date,planned_minutes,downtime_minutes,downtime_reason,units_produced,units_defective
1,1,2024-01-01,480,59,Operator Break,639,24
2,1,2024-01-02,480,7,Mechanical Failure,638,50
3,1,2024-01-03,480,41,Operator Break,681,20
4,1,2024-01-04,480,157,Changeover,514,21
5,1,2024-01-05,480,9,Material Shortage,654,30
6,1,2024-01-06,480,33,Changeover,655,29
7,1,2024-01-07,480,42,Material Shortage,602,27
8,1,2024-01-08,480,20,Unspecified,678,50
9,1,2024-01-09,480,10,Material Shortage,701,44
10,1,2024-01-10,480,2,Mechanical Failure,727,28
11,1,2024-01-11,480,3,Changeover,777,65
12,1,2024-01-12,480,74,Mechanical Failure,579,19
13,1,2024-01-13,480,51,Changeover,630,22
14,1,2024-01-14,480,30,Mechanical Failure,604,48
15,1,2024-01-15,480,13,Operator Break,718,33
16,1,2024-01-16,480,33,Changeover,671,26
17,1,2024-01-17,480,157,Unspecified,508,42
18,1,2024-01-18,480,101,Material Shortage,575,47
19,1,2024-01-19,480,4,Planned Maintenance,663,20
20,1,2024-01-20,480,17,Operator Break,672,29
21,1,2024-01-21,480,79,Planned Maintenance,578,25
22,1,2024-01-22,480,35,Planned Maintenance,612,45
23,1,2024-01-23,480,3,Mechanical Failure,782,57
24,1,2024-01-24,480,9,Planned Maintenance,628,47
25,1,2024-01-25,480,55,Operator Break,663,48
26,1,2024-01-26,480,3,Operator Break,688,24
27,1,2024-01-27,480,89,Material Shortage,597,28
28,1,2024-01-28,480,2,Material Shortage,683,32
29,1,2024-01-29,480,58,Changeover,646,51
30,1,2024-01-30,480,28,Operator Break,618,43
31,1,2024-01-31,480,64,Operator Break,627,45
32,1,2024-02-01,480,30,Changeover,672,35
33,1,2024-02-02,480,1,Material Shortage,654,19
34,1,2024-02-03,480,45,Changeover,622,36
35,1,2024-02-04,480,107,Operator Break,525,27
36,1,2024-02-05,480,63,Operator Break,585,19
37,1,2024-02-06,480,15,Mechanical Failure,642,52
38,1,2024-02-07,480,74,Material Shortage,621,49
39,1,2024-02-08,480,73,Operator Break,565,45
40,1,2024-02-09,480,34,Changeover,706,56
41,1,2024-02-10,480,17,Changeover,632,26
42,1,2024-02-11,480,25,Changeover,722,56
43,1,2024-02-12,480,0,Unspecified,716,37
44,1,2024-02-13,480,11,Mechanical Failure,642,30
45,1,2024-02-14,480,128,Mechanical Failure,504,29
46,1,2024-02-15,480,54,Changeover,615,52
47,1,2024-02-16,480,147,Changeover,469,26
48,1,2024-02-17,480,16,Planned Maintenance,659,20
49,1,2024-02-18,480,42,Mechanical Failure,652,20
50,1,2024-02-19,480,14,Material Shortage,753,32
51,1,2024-02-20,480,7,Operator Break,702,60
52,1,2024-02-21,480,12,Changeover,721,52
53,1,2024-02-22,480,12,Mechanical Failure,730,36
54,1,2024-02-23,480,44,Changeover,667,39
55,1,2024-02-24,480,4,Planned Maintenance,758,35
56,1,2024-02-25,480,9,Operator Break,633,39
57,1,2024-02-26,480,50,Mechanical Failure,574,33
58,1,2024-02-27,480,11,Unspecified,719,27
59,1,2024-02-28,480,52,Operator Break,621,51
60,1,2024-02-29,480,6,Unspecified,681,24
61,1,2024-03-01,480,116,Planned Maintenance,584,25
62,1,2024-03-02,480,48,Unspecified,685,41
63,1,2024-03-03,480,33,Operator Break,629,21
64,1,2024-03-04,480,102,Material Shortage,610,39
65,1,2024-03-05,480,18,Material Shortage,665,46
66,1,2024-03-06,480,102,Changeover,608,44
67,1,2024-03-07,480,46,Changeover,589,22
68,1,2024-03-08,480,102,Material Shortage,575,16
69,1,2024-03-09,480,4,Mechanical Failure,732,21
70,1,2024-03-10,480,7,Unspecified,711,48
71,1,2024-03-11,480,47,Changeover,607,42
72,1,2024-03-12,480,12,Changeover,670,48
73,1,2024-03-13,480,47,Mechanical Failure,691,46
74,1,2024-03-14,480,37,Material Shortage,602,30
75,1,2024-03-15,480,13,Changeover,657,55
76,1,2024-03-16,480,22,Changeover,737,47
77,1,2024-03-17,480,71,Mechanical Failure,609,37
78,1,2024-03-18,480,30,Changeover,626,44
79,1,2024-03-19,480,14,Mechanical Failure,624,41
80,1,2024-03-20,480,8,Mechanical Failure,767,64
81,1,2024-03-21,480,110,Changeover,535,15
82,1,2024-03-22,480,118,Changeover,530,44
83,1,2024-03-23,480,148,Operator Break,530,24
84,1,2024-03-24,480,21,Mechanical Failure,733,34
85,1,2024-03-25,480,8,Changeover,710,58
86,1,2024-03-26,480,53,Planned Maintenance,644,22
87,1,2024-03-27,480,42,Material Shortage,719,26
88,1,2024-03-28,480,32,Changeover,719,51
89,1,2024-03-29,480,53,Planned Maintenance,662,32
90,1,2024-03-30,480,15,Unspecified,737,55
91,1,2024-03-31,480,90,Changeover,630,36
92,1,2024-04-01,480,31,Planned Maintenance,710,46
93,1,2024-04-02,480,54,Changeover,673,53
94,1,2024-04-03,480,18,Unspecified,669,22
95,1,2024-04-04,480,38,Material Shortage,593,32
96,1,2024-04-05,480,35,Operator Break,632,39
97,1,2024-04-06,480,1,Operator Break,643,48
98,1,2024-04-07,480,20,Mechanical Failure,630,37
99,1,2024-04-08,480,66,Material Shortage,579,37
100,1,2024-04-09,480,4,Material Shortage,641,38
101,1,2024-04-10,480,34,Material Shortage,683,48
102,1,2024-04-11,480,167,Planned Maintenance,467,22
103,1,2024-04-12,480,71,Material Shortage,579,31
104,1,2024-04-13,480,3,Mechanical Failure,638,53
105,1,2024-04-14,480,81,Planned Maintenance,618,32
106,1,2024-04-15,480,8,Mechanical Failure,651,28
107,1,2024-04-16,480,35,Operator Break,692,46
108,1,2024-04-17,480,14,Material Shortage,759,54
109,1,2024-04-18,480,36,Mechanical Failure,676,35
110,1,2024-04-19,480,12,Planned Maintenance,675,48
111,1,2024-04-20,480,0,Unspecified,656,20
112,1,2024-04-21,480,1,Mechanical Failure,766,53
113,1,2024-04-22,480,28,Changeover,615,35
114,1,2024-04-23,480,28,Operator Break,626,33
115,1,2024-04-24,480,22,Changeover,698,45
116,1,2024-04-25,480,2,Operator Break,692,44
117,1,2024-04-26,480,31,Operator Break,718,47
118,1,2024-04-27,480,7,Operator Break,640,42
119,1,2024-04-28,480,1,Planned Maintenance,725,60
120,1,2024-04-29,480,38,Operator Break,642,42
121,1,2024-04-30,480,27,Material Shortage,680,56
122,1,2024-05-01,480,21,Changeover,749,60
123,1,2024-05-02,480,9,Unspecified,637,22
124,1,2024-05-03,480,0,Unspecified,653,44
125,1,2024-05-04,480,3,Planned Maintenance,682,52
126,1,2024-05-05,480,1,Changeover,760,34
127,1,2024-05-06,480,5,Changeover,736,47
128,1,2024-05-07,480,94,Planned Maintenance,602,45
129,1,2024-05-08,480,14,Mechanical Failure,646,46
130,1,2024-05-09,480,73,Planned Maintenance,668,35
131,1,2024-05-10,480,20,Mechanical Failure,724,35
132,1,2024-05-11,480,120,Unspecified,576,30
133,1,2024-05-12,480,62,Changeover,655,22
134,1,2024-05-13,480,104,Unspecified,560,42
135,1,2024-05-14,480,17,Material Shortage,746,38
136,1,2024-05-15,480,0,Unspecified,775,26
137,1,2024-05-16,480,17,Changeover,754,62
138,1,2024-05-17,480,38,Material Shortage,676,36
139,1,2024-05-18,480,15,Changeover,667,44
140,1,2024-05-19,480,62,Changeover,660,48
141,1,2024-05-20,480,4,Changeover,707,22
142,1,2024-05-21,480,35,Material Shortage,654,52
143,1,2024-05-22,480,19,Changeover,630,23
144,1,2024-05-23,480,64,Unspecified,634,21
145,1,2024-05-24,480,3,Planned Maintenance,739,24
146,1,2024-05-25,480,77,Mechanical Failure,625,20
147,1,2024-05-26,480,3,Operator Break,782,39
148,1,2024-05-27,480,20,Changeover,729,60
149,1,2024-05-28,480,191,Operator Break,453,22
150,1,2024-05-29,480,3,Planned Maintenance,751,45
151,1,2024-05-30,480,24,Planned Maintenance,736,25
152,1,2024-05-31,480,30,Material Shortage,600,33
153,1,2024-06-01,480,2,Planned Maintenance,654,23
154,1,2024-06-02,480,47,Mechanical Failure,677,42
155,1,2024-06-03,480,147,Mechanical Failure,482,21
156,1,2024-06-04,480,91,Unspecified,545,45
157,1,2024-06-05,480,0,Unspecified,785,24
158,1,2024-06-06,480,99,Material Shortage,570,48
159,1,2024-06-07,480,3,Unspecified,717,60
160,1,2024-06-08,480,33,Planned Maintenance,683,46
161,1,2024-06-09,480,27,Planned Maintenance,692,43
162,1,2024-06-10,480,104,Planned Maintenance,506,22
163,1,2024-06-11,480,135,Planned Maintenance,555,30
164,1,2024-06-12,480,43,Operator Break,619,24
165,1,2024-06-13,480,28,Material Shortage,651,40
166,1,2024-06-14,480,3,Operator Break,780,66
167,1,2024-06-15,480,53,Planned Maintenance,640,29
168,1,2024-06-16,480,75,Operator Break,626,23
169,1,2024-06-17,480,108,Mechanical Failure,591,49
170,1,2024-06-18,480,58,Mechanical Failure,643,33
171,1,2024-06-19,480,121,Mechanical Failure,575,18
172,1,2024-06-20,480,1,Changeover,694,52
173,1,2024-06-21,480,196,Mechanical Failure,391,24
174,1,2024-06-22,480,21,Changeover,750,57
175,1,2024-06-23,480,81,Changeover,589,31
176,1,2024-06-24,480,14,Changeover,628,49
177,1,2024-06-25,480,75,Operator Break,666,57
178,1,2024-06-26,480,36,Planned Maintenance,698,58
179,1,2024-06-27,480,85,Planned Maintenance,556,30
180,1,2024-06-28,480,6,Changeover,772,49
181,1,2024-06-29,480,11,Changeover,723,46
182,1,2024-06-30,480,19,Changeover,630,42
183,1,2024-07-01,480,33,Changeover,703,41
184,1,2024-07-02,480,85,Unspecified,594,36
185,1,2024-07-03,480,94,Operator Break,562,20
186,1,2024-07-04,480,1,Operator Break,751,48
187,1,2024-07-05,480,54,Unspecified,595,21
188,1,2024-07-06,480,0,Unspecified,691,43
189,1,2024-07-07,480,22,Material Shortage,672,54
190,1,2024-07-08,480,19,Planned Maintenance,688,50
191,1,2024-07-09,480,22,Changeover,699,54
192,1,2024-07-10,480,134,Operator Break,476,39
193,1,2024-07-11,480,30,Operator Break,635,35
194,1,2024-07-12,480,175,Material Shortage,453,21
195,1,2024-07-13,480,45,Operator Break,612,20
196,1,2024-07-14,480,6,Operator Break,650,24
197,1,2024-07-15,480,6,Planned Maintenance,726,28
198,1,2024-07-16,480,19,Mechanical Failure,743,41
199,1,2024-07-17,480,49,Planned Maintenance,597,23
200,1,2024-07-18,480,1,Material Shortage,663,29
201,1,2024-07-19,480,8,Operator Break,641,22
202,1,2024-07-20,480,27,Planned Maintenance,632,31
203,1,2024-07-21,480,31,Planned Maintenance,695,21
204,1,2024-07-22,480,72,Operator Break,623,20
205,1,2024-07-23,480,92,Planned Maintenance,628,20
206,1,2024-07-24,480,14,Mechanical Failure,738,738
207,1,2024-07-25,480,9,Planned Maintenance,658,32
208,1,2024-07-26,480,29,Planned Maintenance,687,34
209,1,2024-07-27,480,27,Material Shortage,709,21
210,1,2024-07-28,480,13,Planned Maintenance,726,58
211,1,2024-07-29,480,32,Operator Break,671,23
212,1,2024-07-30,480,26,Material Shortage,680,29
213,1,2024-07-31,480,14,Operator Break,675,20
214,1,2024-08-01,480,17,Operator Break,647,30
215,1,2024-08-02,480,5,Planned Maintenance,765,48
216,1,2024-08-03,480,51,Operator Break,677,38
217,1,2024-08-04,480,4,Mechanical Failure,713,44
218,1,2024-08-05,480,61,Changeover,614,22
219,1,2024-08-06,480,15,Planned Maintenance,672,44
220,1,2024-08-07,480,38,Mechanical Failure,637,54
221,1,2024-08-08,480,41,Operator Break,617,21
222,1,2024-08-09,480,7,Changeover,666,25
223,1,2024-08-10,480,9,Planned Maintenance,669,25
224,1,2024-08-11,480,102,Material Shortage,512,30
225,1,2024-08-12,480,23,Material Shortage,749,26
226,1,2024-08-13,480,22,Material Shortage,749,58
227,1,2024-08-14,480,76,Unspecified,570,22
228,1,2024-08-15,480,49,Material Shortage,699,42
229,1,2024-08-16,480,38,Changeover,627,45
230,1,2024-08-17,480,9,Mechanical Failure,674,35
231,1,2024-08-18,480,31,Changeover,632,22
232,1,2024-08-19,480,42,Operator Break,622,38
233,1,2024-08-20,480,7,Unspecified,701,41
234,1,2024-08-21,480,2,Mechanical Failure,686,25
235,1,2024-08-22,480,2,Material Shortage,784,37
236,1,2024-08-23,480,74,Planned Maintenance,573,38
237,1,2024-08-24,480,64,Planned Maintenance,631,35
238,1,2024-08-25,480,23,Planned Maintenance,658,54
239,1,2024-08-26,480,79,Planned Maintenance,655,23
240,1,2024-08-27,480,59,Material Shortage,684,26
241,1,2024-08-28,480,3,Planned Maintenance,745,46
242,1,2024-08-29,480,82,Changeover,547,40
243,1,2024-08-30,480,10,Material Shortage,649,24
244,1,2024-08-31,480,75,Mechanical Failure,623,36
245,1,2024-09-01,480,19,Mechanical Failure,740,37
246,1,2024-09-02,480,76,Material Shortage,593,29
247,1,2024-09-03,480,27,Mechanical Failure,646,46
248,1,2024-09-04,480,31,Mechanical Failure,630,50
249,1,2024-09-05,480,21,Material Shortage,689,55
250,1,2024-09-06,480,44,Material Shortage,596,49
251,1,2024-09-07,480,44,Material Shortage,626,23
252,1,2024-09-08,480,71,Changeover,624,37
253,1,2024-09-09,480,100,Planned Maintenance,599,22
254,1,2024-09-10,480,16,Unspecified,654,46
255,1,2024-09-11,480,1,Material Shortage,723,52
256,1,2024-09-12,480,94,Changeover,555,42
257,1,2024-09-13,480,5,Operator Break,758,27
258,1,2024-09-14,480,22,Planned Maintenance,724,27
259,1,2024-09-15,480,11,Unspecified,730,51
260,1,2024-09-16,480,46,Changeover,672,40
261,1,2024-09-17,480,13,Planned Maintenance,672,26
262,1,2024-09-18,480,107,Operator Break,564,29
263,1,2024-09-19,480,27,Planned Maintenance,737,27
264,1,2024-09-20,480,39,Unspecified,657,42
265,1,2024-09-21,480,0,Unspecified,770,63
266,1,2024-09-22,480,37,Changeover,686,56
267,1,2024-09-23,480,55,Unspecified,586,36
268,1,2024-09-24,480,41,Planned Maintenance,642,45
269,1,2024-09-25,480,122,Unspecified,580,31
270,1,2024-09-26,480,5,Operator Break,779,60
271,1,2024-09-27,480,5,Operator Break,769,60
272,1,2024-09-28,480,32,Mechanical Failure,679,35
273,1,2024-09-29,480,2,Mechanical Failure,686,51
274,1,2024-09-30,480,0,Unspecified,689,35
275,1,2024-10-01,480,34,Unspecified,722,35
276,1,2024-10-02,480,19,Unspecified,720,39
277,1,2024-10-03,480,11,Planned Maintenance,691,25
278,1,2024-10-04,480,8,Material Shortage,702,37
279,1,2024-10-05,480,110,Unspecified,534,33
280,1,2024-10-06,480,44,Operator Break,582,38
281,1,2024-10-07,480,8,Planned Maintenance,770,28
282,1,2024-10-08,480,24,Unspecified,619,53
283,1,2024-10-09,480,31,Changeover,681,22
284,1,2024-10-10,480,62,Material Shortage,584,46
285,1,2024-10-11,480,10,Operator Break,653,20
286,1,2024-10-12,480,28,Operator Break,681,22
287,1,2024-10-13,480,67,Mechanical Failure,608,35
288,1,2024-10-14,480,26,Changeover,661,40
289,1,2024-10-15,480,7,Mechanical Failure,656,51
290,1,2024-10-16,480,131,Changeover,505,22
291,1,2024-10-17,480,46,Mechanical Failure,633,19
292,1,2024-10-18,480,7,Material Shortage,735,49
293,1,2024-10-19,480,1,Planned Maintenance,671,28
294,1,2024-10-20,480,50,Operator Break,575,19
295,1,2024-10-21,480,72,Mechanical Failure,566,37
296,1,2024-10-22,480,12,Operator Break,637,27
297,1,2024-10-23,480,57,Planned Maintenance,676,51
298,1,2024-10-24,480,22,Operator Break,705,28
299,1,2024-10-25,480,15,Unspecified,749,22
300,1,2024-10-26,480,4,Material Shortage,664,20
301,1,2024-10-27,480,9,Unspecified,713,37
302,1,2024-10-28,480,100,Changeover,603,29
303,1,2024-10-29,480,13,Material Shortage,677,42
304,1,2024-10-30,480,14,Operator Break,711,37
305,1,2024-10-31,480,36,Unspecified,651,29
306,1,2024-11-01,480,133,Planned Maintenance,545,20
307,1,2024-11-02,480,91,Operator Break,577,46
308,1,2024-11-03,480,72,Operator Break,597,17
309,1,2024-11-04,480,14,Planned Maintenance,699,45
310,1,2024-11-05,480,13,Mechanical Failure,642,49
311,1,2024-11-06,480,187,Unspecified,438,16
312,1,2024-11-07,480,14,Planned Maintenance,623,50
313,1,2024-11-08,480,5,Unspecified,718,31
314,1,2024-11-09,480,36,Changeover,681,52
315,1,2024-11-10,480,10,Planned Maintenance,627,22
316,1,2024-11-11,480,103,Changeover,605,38
317,1,2024-11-12,480,41,Operator Break,676,26
318,1,2024-11-13,480,110,Planned Maintenance,541,27
319,1,2024-11-14,480,32,Unspecified,603,23
320,1,2024-11-15,480,60,Mechanical Failure,570,36
321,1,2024-11-16,480,12,Changeover,680,30
322,1,2024-11-17,480,19,Material Shortage,717,32
323,1,2024-11-18,480,37,Mechanical Failure,656,43
324,1,2024-11-19,480,124,Mechanical Failure,555,22
325,1,2024-11-20,480,1,Planned Maintenance,677,42
326,1,2024-11-21,480,2,Operator Break,710,44
327,1,2024-11-22,480,18,Material Shortage,726,25
328,1,2024-11-23,480,3,Material Shortage,744,42
329,1,2024-11-24,480,52,Changeover,628,26
330,1,2024-11-25,480,76,Unspecified,639,43
331,1,2024-11-26,480,14,Operator Break,706,34
332,1,2024-11-27,480,4,Changeover,770,28
333,1,2024-11-28,480,134,Material Shortage,509,20
334,1,2024-11-29,480,35,Planned Maintenance,714,50
335,1,2024-11-30,480,73,Changeover,626,42
336,1,2024-12-01,480,85,Planned Maintenance,556,31
337,1,2024-12-02,480,11,Material Shortage,769,63
338,1,2024-12-03,480,1,Material Shortage,743,60
339,1,2024-12-04,480,8,Unspecified,712,57
340,1,2024-12-05,480,1,Material Shortage,742,34
341,1,2024-12-06,480,116,Operator Break,595,49
342,1,2024-12-07,480,28,Mechanical Failure,724,56
343,1,2024-12-08,480,17,Planned Maintenance,736,22
344,1,2024-12-09,480,40,Operator Break,617,22
345,1,2024-12-10,480,3,Operator Break,739,35
346,1,2024-12-11,480,58,Changeover,570,26
347,1,2024-12-12,480,34,Planned Maintenance,704,33
348,1,2024-12-13,480,44,Material Shortage,701,45
349,1,2024-12-14,480,11,Unspecified,628,49
350,1,2024-12-15,480,0,Unspecified,770,45
351,1,2024-12-16,480,125,Mechanical Failure,561,48
352,1,2024-12-17,480,19,Mechanical Failure,724,37
353,1,2024-12-18,480,29,Mechanical Failure,689,54
354,1,2024-12-19,480,186,Planned Maintenance,462,24
355,1,2024-12-20,480,24,Planned Maintenance,712,30
356,1,2024-12-21,480,5,Operator Break,685,31
357,1,2024-12-22,480,15,Planned Maintenance,653,20
358,1,2024-12-23,480,0,Unspecified,787,42
359,1,2024-12-24,480,21,Unspecified,708,29
360,1,2024-12-25,480,134,Changeover,546,18
361,1,2024-12-26,480,24,Changeover,732,60
362,1,2024-12-27,480,28,Mechanical Failure,688,26
363,1,2024-12-28,480,212,Planned Maintenance,376,31
364,1,2024-12-29,480,47,Planned Maintenance,659,38
365,1,2024-12-30,480,11,Material Shortage,650,26
366,1,2024-12-31,480,9,Material Shortage,742,36
367,2,2024-01-01,480,41,Planned Maintenance,1318,115
368,2,2024-01-02,480,3,Planned Maintenance,1285,94
369,2,2024-01-03,480,22,Mechanical Failure,1169,89
370,2,2024-01-04,480,4,Operator Break,1235,74
371,2,2024-01-05,480,17,Unspecified,1297,44
372,2,2024-01-06,480,40,Unspecified,1152,42
373,2,2024-01-07,480,41,Unspecified,1325,105
374,2,2024-01-08,480,31,Mechanical Failure,1277,78
375,2,2024-01-09,480,1,Operator Break,1294,66
376,2,2024-01-10,480,5,Unspecified,1370,79
377,2,2024-01-11,480,1,Operator Break,1241,85
378,2,2024-01-12,480,1,Planned Maintenance,1417,82
379,2,2024-01-13,480,12,Changeover,1314,101
380,2,2024-01-14,480,8,Operator Break,1349,84
381,2,2024-01-15,480,5,Operator Break,1412,107
382,2,2024-01-16,480,20,Planned Maintenance,1360,108
383,2,2024-01-17,480,23,Unspecified,1348,94
384,2,2024-01-18,480,21,Material Shortage,1296,94
385,2,2024-01-19,480,3,Material Shortage,1419,113
386,2,2024-01-20,480,0,Unspecified,1413,51
387,2,2024-01-21,480,7,Mechanical Failure,1369,52
388,2,2024-01-22,480,32,Material Shortage,1320,77
389,2,2024-01-23,480,0,Unspecified,1263,82
390,2,2024-01-24,480,75,Planned Maintenance,1146,50
391,2,2024-01-25,480,19,Material Shortage,1280,95
392,2,2024-01-26,480,2,Unspecified,1389,84
393,2,2024-01-27,480,63,Operator Break,1110,73
394,2,2024-01-28,480,51,Material Shortage,1082,90
395,2,2024-01-29,480,22,Planned Maintenance,1146,53
396,2,2024-01-30,480,23,Material Shortage,1144,72
397,2,2024-01-31,480,8,Unspecified,1333,42
398,2,2024-02-01,480,39,Mechanical Failure,1336,114
399,2,2024-02-02,480,26,Unspecified,1153,84
400,2,2024-02-03,480,0,Unspecified,1189,57
401,2,2024-02-04,480,12,Unspecified,1362,94
402,2,2024-02-05,480,11,Material Shortage,1230,107
403,2,2024-02-06,480,10,Operator Break,1281,49
404,2,2024-02-07,480,30,Unspecified,1290,54
405,2,2024-02-08,480,1,Operator Break,1369,92
406,2,2024-02-09,480,6,Mechanical Failure,1429,54
407,2,2024-02-10,480,10,Planned Maintenance,1415,76
408,2,2024-02-11,480,19,Mechanical Failure,1242,56
409,2,2024-02-12,480,79,Material Shortage,1083,88
410,2,2024-02-13,480,4,Material Shortage,1232,38
411,2,2024-02-14,480,20,Mechanical Failure,1232,98
412,2,2024-02-15,480,12,Mechanical Failure,1416,56
413,2,2024-02-16,480,38,Material Shortage,1288,95
414,2,2024-02-17,480,35,Operator Break,1293,85
415,2,2024-02-18,480,2,Planned Maintenance,1187,98
416,2,2024-02-19,480,18,Planned Maintenance,1352,77
417,2,2024-02-20,480,2,Changeover,1212,83
418,2,2024-02-21,480,10,Operator Break,1213,70
419,2,2024-02-22,480,1,Planned Maintenance,1342,60
420,2,2024-02-23,480,30,Operator Break,1190,66
421,2,2024-02-24,480,0,Unspecified,1203,62
422,2,2024-02-25,480,12,Operator Break,1316,60
423,2,2024-02-26,480,22,Operator Break,1357,101
424,2,2024-02-27,480,0,Unspecified,1316,46
425,2,2024-02-28,480,5,Operator Break,1442,54
426,2,2024-02-29,480,13,Operator Break,1318,92
427,2,2024-03-01,480,15,Changeover,1148,55
428,2,2024-03-02,480,13,Material Shortage,1174,58
429,2,2024-03-03,480,0,Unspecified,1205,63
430,2,2024-03-04,480,2,Operator Break,1335,92
431,2,2024-03-05,480,30,Planned Maintenance,1161,45
432,2,2024-03-06,480,2,Planned Maintenance,1354,95
433,2,2024-03-07,480,0,Unspecified,1443,46
434,2,2024-03-08,480,14,Material Shortage,1340,107
435,2,2024-03-09,480,23,Mechanical Failure,1339,65
436,2,2024-03-10,480,32,Mechanical Failure,1125,91
437,2,2024-03-11,480,15,Unspecified,1366,76
438,2,2024-03-12,480,19,Planned Maintenance,1277,91
439,2,2024-03-13,480,1,Material Shortage,1197,52
440,2,2024-03-14,480,3,Mechanical Failure,1416,59
441,2,2024-03-15,480,71,Material Shortage,1088,43
442,2,2024-03-16,480,29,Planned Maintenance,1284,74
443,2,2024-03-17,480,15,Changeover,1340,57
444,2,2024-03-18,480,107,Planned Maintenance,1130,75
445,2,2024-03-19,480,4,Mechanical Failure,1361,45
446,2,2024-03-20,480,0,Unspecified,1254,70
447,2,2024-03-21,480,38,Operator Break,1275,92
448,2,2024-03-22,480,10,Planned Maintenance,1252,63
449,2,2024-03-23,480,84,Operator Break,985,78
450,2,2024-03-24,480,16,Planned Maintenance,1261,90
451,2,2024-03-25,480,12,Material Shortage,1390,113
452,2,2024-03-26,480,10,Unspecified,1234,78
453,2,2024-03-27,480,46,Planned Maintenance,1122,73
454,2,2024-03-28,480,19,Mechanical Failure,1332,49
455,2,2024-03-29,480,24,Operator Break,1364,54
456,2,2024-03-30,480,5,Operator Break,1438,57
457,2,2024-03-31,480,36,Changeover,1221,53
458,2,2024-04-01,480,39,Operator Break,1200,71
459,2,2024-04-02,480,8,Changeover,1325,51
460,2,2024-04-03,480,9,Operator Break,1425,63
461,2,2024-04-04,480,20,Mechanical Failure,1220,90
462,2,2024-04-05,480,2,Planned Maintenance,1447,80
463,2,2024-04-06,480,5,Changeover,1191,46
464,2,2024-04-07,480,14,Planned Maintenance,1239,96
465,2,2024-04-08,480,10,Planned Maintenance,1226,80
466,2,2024-04-09,480,23,Mechanical Failure,1170,45
467,2,2024-04-10,480,0,Unspecified,1388,94
468,2,2024-04-11,480,12,Mechanical Failure,1382,105
469,2,2024-04-12,480,16,Material Shortage,1377,56
470,2,2024-04-13,480,2,Operator Break,1253,40
471,2,2024-04-14,480,14,Material Shortage,1401,44
472,2,2024-04-15,480,2,Planned Maintenance,1303,109
473,2,2024-04-16,480,7,Material Shortage,1305,41
474,2,2024-04-17,480,3,Planned Maintenance,1448,124
475,2,2024-04-18,480,0,Unspecified,1448,96
476,2,2024-04-19,480,38,Changeover,1206,71
477,2,2024-04-20,480,12,Planned Maintenance,1334,49
478,2,2024-04-21,480,0,Unspecified,1268,89
479,2,2024-04-22,480,4,Changeover,1359,116
480,2,2024-04-23,480,1,Operator Break,1367,75
481,2,2024-04-24,480,38,Material Shortage,1134,79
482,2,2024-04-25,480,34,Changeover,1343,92
483,2,2024-04-26,480,13,Planned Maintenance,1318,105
484,2,2024-04-27,480,16,Material Shortage,1151,96
485,2,2024-04-28,480,22,Operator Break,1308,54
486,2,2024-04-29,480,20,Changeover,1238,83
487,2,2024-04-30,480,2,Mechanical Failure,1360,119
488,2,2024-05-01,480,0,Unspecified,1455,77
489,2,2024-05-02,480,39,Material Shortage,1287,80
490,2,2024-05-03,480,25,Changeover,1353,71
491,2,2024-05-04,480,7,Operator Break,1349,103
492,2,2024-05-05,480,27,Operator Break,1326,72
493,2,2024-05-06,480,32,Mechanical Failure,1135,69
494,2,2024-05-07,480,0,Unspecified,1273,64
495,2,2024-05-08,480,9,Material Shortage,1351,70
496,2,2024-05-09,480,11,Planned Maintenance,1220,62
497,2,2024-05-10,480,4,Changeover,1193,76
498,2,2024-05-11,480,21,Unspecified,1296,72
499,2,2024-05-12,480,9,Material Shortage,1396,83
500,2,2024-05-13,480,12,Changeover,1160,57
501,2,2024-05-14,480,9,Changeover,1269,80
502,2,2024-05-15,480,14,Material Shortage,1312,97
503,2,2024-05-16,480,32,Material Shortage,1290,109
504,2,2024-05-17,480,0,Unspecified,1237,36
505,2,2024-05-18,480,19,Operator Break,1376,59
506,2,2024-05-19,480,50,Operator Break,1074,90
507,2,2024-05-20,480,8,Operator Break,1191,68
508,2,2024-05-21,480,5,Unspecified,1249,58
509,2,2024-05-22,480,31,Operator Break,1247,59
510,2,2024-05-23,480,18,Mechanical Failure,1330,60
511,2,2024-05-24,480,10,Mechanical Failure,1191,47
512,2,2024-05-25,480,21,Planned Maintenance,1179,70
513,2,2024-05-26,480,23,Planned Maintenance,1154,71
514,2,2024-05-27,480,5,Material Shortage,1436,82
515,2,2024-05-28,480,31,Mechanical Failure,1250,39
516,2,2024-05-29,480,19,Changeover,1390,89
517,2,2024-05-30,480,32,Unspecified,1334,56
518,2,2024-05-31,480,4,Planned Maintenance,1342,71
519,2,2024-06-01,480,35,Planned Maintenance,1329,66
520,2,2024-06-02,480,5,Operator Break,1385,62
521,2,2024-06-03,480,33,Operator Break,1211,82
522,2,2024-06-04,480,1,Changeover,1354,75
523,2,2024-06-05,480,16,Operator Break,1188,85
524,2,2024-06-06,480,37,Planned Maintenance,1147,39
525,2,2024-06-07,480,0,Unspecified,1361,88
526,2,2024-06-08,480,15,Planned Maintenance,1208,62
527,2,2024-06-09,480,17,Mechanical Failure,1274,110
528,2,2024-06-10,480,2,Operator Break,1370,72
529,2,2024-06-11,480,10,Changeover,1354,94
530,2,2024-06-12,480,90,Changeover,990,34
531,2,2024-06-13,480,24,Operator Break,1277,57
532,2,2024-06-14,480,1,Material Shortage,1204,98
533,2,2024-06-15,480,4,Operator Break,1262,53
534,2,2024-06-16,480,8,Operator Break,1182,70
535,2,2024-06-17,480,1,Planned Maintenance,1403,60
536,2,2024-06-18,480,14,Planned Maintenance,1386,93
537,2,2024-06-19,480,14,Mechanical Failure,1236,60
538,2,2024-06-20,480,21,Mechanical Failure,1396,94
539,2,2024-06-21,480,15,Planned Maintenance,1343,75
540,2,2024-06-22,480,1,Operator Break,1336,113
541,2,2024-06-23,480,3,Material Shortage,1366,55
542,2,2024-06-24,480,14,Changeover,1174,65
543,2,2024-06-25,480,26,Planned Maintenance,1210,82
544,2,2024-06-26,480,30,Mechanical Failure,1351,58
545,2,2024-06-27,480,9,Mechanical Failure,1202,104
546,2,2024-06-28,480,50,Changeover,1194,93
547,2,2024-06-29,480,14,Planned Maintenance,1317,45
548,2,2024-06-30,480,26,Planned Maintenance,1152,89
549,2,2024-07-01,480,29,Planned Maintenance,1297,40
550,2,2024-07-02,480,6,Material Shortage,1240,62
551,2,2024-07-03,480,1,Planned Maintenance,1441,88
552,2,2024-07-04,480,6,Material Shortage,1277,70
553,2,2024-07-05,480,17,Unspecified,1279,106
554,2,2024-07-06,480,13,Planned Maintenance,1419,112
555,2,2024-07-07,480,4,Operator Break,1430,51
556,2,2024-07-08,480,32,Material Shortage,1203,96
557,2,2024-07-09,480,38,Planned Maintenance,1296,97
558,2,2024-07-10,480,6,Mechanical Failure,1190,62
559,2,2024-07-11,480,3,Operator Break,1368,67
560,2,2024-07-12,480,71,Changeover,1160,89
561,2,2024-07-13,480,2,Planned Maintenance,1417,117
562,2,2024-07-14,480,12,Unspecified,1318,97
563,2,2024-07-15,480,3,Operator Break,1314,69
564,2,2024-07-16,480,3,Unspecified,1277,42
565,2,2024-07-17,480,0,Unspecified,1220,104
566,2,2024-07-18,480,15,Operator Break,1406,76
567,2,2024-07-19,480,7,Planned Maintenance,1304,71
568,2,2024-07-20,480,2,Changeover,1355,56
569,2,2024-07-21,480,18,Material Shortage,1313,50
570,2,2024-07-22,480,1,Material Shortage,1397,78
571,2,2024-07-23,480,1,Mechanical Failure,1457,47
572,2,2024-07-24,480,22,Changeover,1390,60
573,2,2024-07-25,480,2,Changeover,1211,56
574,2,2024-07-26,480,2,Planned Maintenance,1370,45
575,2,2024-07-27,480,13,Changeover,1421,109
576,2,2024-07-28,480,18,Operator Break,1220,80
577,2,2024-07-29,480,14,Material Shortage,1263,46
578,2,2024-07-30,480,41,Unspecified,1196,48
579,2,2024-07-31,480,8,Planned Maintenance,1276,99
580,2,2024-08-01,480,25,Operator Break,1324,39
581,2,2024-08-02,480,10,Material Shortage,1289,39
582,2,2024-08-03,480,5,Changeover,1380,51
583,2,2024-08-04,480,14,Planned Maintenance,1206,36
584,2,2024-08-05,480,5,Operator Break,1439,109
585,2,2024-08-06,480,61,Changeover,1151,41
586,2,2024-08-07,480,15,Mechanical Failure,1268,99
587,2,2024-08-08,480,1,Operator Break,1316,50
588,2,2024-08-09,480,7,Mechanical Failure,1368,78
589,2,2024-08-10,480,9,Mechanical Failure,1268,71
590,2,2024-08-11,480,29,Changeover,1345,114
591,2,2024-08-12,480,29,Changeover,1194,82
592,2,2024-08-13,480,11,Operator Break,1225,96
593,2,2024-08-14,480,0,Unspecified,1434,80
594,2,2024-08-15,480,19,Material Shortage,1312,106
595,2,2024-08-16,480,19,Changeover,1300,43
596,2,2024-08-17,480,13,Mechanical Failure,1191,86
597,2,2024-08-18,480,13,Mechanical Failure,1335,42
598,2,2024-08-19,480,1,Mechanical Failure,1379,46
599,2,2024-08-20,480,1,Changeover,1184,100
600,2,2024-08-21,480,25,Planned Maintenance,1214,56
601,2,2024-08-22,480,8,Unspecified,1375,93
602,2,2024-08-23,480,3,Planned Maintenance,1223,42
603,2,2024-08-24,480,20,Operator Break,1337,59
604,2,2024-08-25,480,0,Unspecified,1206,103
605,2,2024-08-26,480,6,Planned Maintenance,1379,90
606,2,2024-08-27,480,9,Planned Maintenance,1217,44
607,2,2024-08-28,480,18,Material Shortage,1346,90
608,2,2024-08-29,480,14,Operator Break,1160,99
609,2,2024-08-30,480,30,Unspecified,1185,102
610,2,2024-08-31,480,17,Mechanical Failure,1297,94
611,2,2024-09-01,480,31,Planned Maintenance,1277,46
612,2,2024-09-02,480,7,Material Shortage,1420,60
613,2,2024-09-03,480,8,Changeover,1281,70
614,2,2024-09-04,480,18,Operator Break,1391,60
615,2,2024-09-05,480,2,Unspecified,1233,99
616,2,2024-09-06,480,19,Operator Break,1212,93
617,2,2024-09-07,480,37,Mechanical Failure,1309,108
618,2,2024-09-08,480,5,Changeover,1378,77
619,2,2024-09-09,480,35,Material Shortage,1284,1284
620,2,2024-09-10,480,20,Material Shortage,1181,72
621,2,2024-09-11,480,79,Operator Break,1206,38
622,2,2024-09-12,480,3,Operator Break,1212,86
623,2,2024-09-13,480,32,Planned Maintenance,1159,68
624,2,2024-09-14,480,35,Changeover,1286,78
625,2,2024-09-15,480,17,Material Shortage,1277,59
626,2,2024-09-16,480,15,Planned Maintenance,1332,106
627,2,2024-09-17,480,19,Changeover,1339,51
628,2,2024-09-18,480,11,Material Shortage,1158,50
629,2,2024-09-19,480,24,Mechanical Failure,1386,48
630,2,2024-09-20,480,9,Planned Maintenance,1379,56
631,2,2024-09-21,480,15,Mechanical Failure,1343,87
632,2,2024-09-22,480,3,Operator Break,1274,95
633,2,2024-09-23,480,15,Changeover,1147,84
634,2,2024-09-24,480,0,Unspecified,1390,57
635,2,2024-09-25,480,60,Changeover,1124,54
636,2,2024-09-26,480,3,Mechanical Failure,1260,101
637,2,2024-09-27,480,107,Operator Break,999,55
638,2,2024-09-28,480,24,Planned Maintenance,1358,86
639,2,2024-09-29,480,9,Operator Break,1273,88
640,2,2024-09-30,480,0,Unspecified,1355,67
641,2,2024-10-01,480,30,Mechanical Failure,1133,72
642,2,2024-10-02,480,12,Material Shortage,1327,43
643,2,2024-10-03,480,16,Mechanical Failure,1294,80
644,2,2024-10-04,480,17,Operator Break,1322,100
645,2,2024-10-05,480,6,Operator Break,1395,81
646,2,2024-10-06,480,1,Planned Maintenance,1197,58
647,2,2024-10-07,480,29,Planned Maintenance,1296,97
648,2,2024-10-08,480,13,Operator Break,1270,48
649,2,2024-10-09,480,7,Planned Maintenance,1285,44
650,2,2024-10-10,480,4,Mechanical Failure,1338,96
651,2,2024-10-11,480,122,Mechanical Failure,1076,71
652,2,2024-10-12,480,10,Planned Maintenance,1331,100
653,2,2024-10-13,480,2,Operator Break,1291,101
654,2,2024-10-14,480,9,Changeover,1317,83
655,2,2024-10-15,480,3,Planned Maintenance,1276,62
656,2,2024-10-16,480,0,Unspecified,1189,92
657,2,2024-10-17,480,6,Planned Maintenance,1310,61
658,2,2024-10-18,480,54,Changeover,1114,60
659,2,2024-10-19,480,39,Operator Break,1302,52
660,2,2024-10-20,480,31,Planned Maintenance,1226,70
661,2,2024-10-21,480,2,Mechanical Failure,1200,86
662,2,2024-10-22,480,13,Operator Break,1269,91
663,2,2024-10-23,480,27,Material Shortage,1158,75
664,2,2024-10-24,480,2,Changeover,1386,93
665,2,2024-10-25,480,59,Changeover,1054,34
666,2,2024-10-26,480,6,Mechanical Failure,1240,54
667,2,2024-10-27,480,45,Planned Maintenance,1135,51
668,2,2024-10-28,480,27,Planned Maintenance,1234,92
669,2,2024-10-29,480,1,Changeover,1316,41
670,2,2024-10-30,480,1,Material Shortage,1432,53
671,2,2024-10-31,480,14,Changeover,1259,62
672,2,2024-11-01,480,43,Material Shortage,1082,73
673,2,2024-11-02,480,63,Planned Maintenance,1163,97
674,2,2024-11-03,480,1,Material Shortage,1297,57
675,2,2024-11-04,480,25,Planned Maintenance,1380,61
676,2,2024-11-05,480,20,Changeover,1186,73
677,2,2024-11-06,480,11,Changeover,1420,92
678,2,2024-11-07,480,8,Planned Maintenance,1194,45
679,2,2024-11-08,480,4,Material Shortage,1242,98
680,2,2024-11-09,480,15,Material Shortage,1287,46
681,2,2024-11-10,480,37,Unspecified,1277,42
682,2,2024-11-11,480,23,Mechanical Failure,1270,43
683,2,2024-11-12,480,11,Mechanical Failure,1287,50
684,2,2024-11-13,480,55,Unspecified,1257,85
685,2,2024-11-14,480,11,Planned Maintenance,1268,85
686,2,2024-11-15,480,15,Changeover,1163,68
687,2,2024-11-16,480,31,Material Shortage,1226,39
688,2,2024-11-17,480,29,Mechanical Failure,1164,51
689,2,2024-11-18,480,3,Unspecified,1267,93
690,2,2024-11-19,480,14,Mechanical Failure,1204,96
691,2,2024-11-20,480,40,Planned Maintenance,1306,56
692,2,2024-11-21,480,11,Changeover,1424,105
693,2,2024-11-22,480,0,Unspecified,1201,67
694,2,2024-11-23,480,45,Material Shortage,1208,70
695,2,2024-11-24,480,2,Operator Break,1360,105
696,2,2024-11-25,480,9,Material Shortage,1372,117
697,2,2024-11-26,480,4,Planned Maintenance,1317,60
698,2,2024-11-27,480,30,Mechanical Failure,1260,83
699,2,2024-11-28,480,30,Unspecified,1212,1212
700,2,2024-11-29,480,14,Material Shortage,1191,83
701,2,2024-11-30,480,30,Operator Break,1191,94
702,2,2024-12-01,480,45,Planned Maintenance,1142,99
703,2,2024-12-02,480,2,Unspecified,1234,49
704,2,2024-12-03,480,42,Planned Maintenance,1245,47
705,2,2024-12-04,480,11,Planned Maintenance,1323,45
706,2,2024-12-05,480,40,Operator Break,1289,75
707,2,2024-12-06,480,65,Operator Break,1123,97
708,2,2024-12-07,480,21,Material Shortage,1300,50
709,2,2024-12-08,480,40,Changeover,1193,46
710,2,2024-12-09,480,0,Unspecified,1339,80
711,2,2024-12-10,480,24,Planned Maintenance,1359,46
712,2,2024-12-11,480,25,Mechanical Failure,1171,92
713,2,2024-12-12,480,32,Mechanical Failure,1244,88
714,2,2024-12-13,480,7,Material Shortage,1295,100
715,2,2024-12-14,480,11,Material Shortage,1253,72
716,2,2024-12-15,480,33,Material Shortage,1188,46
717,2,2024-12-16,480,23,Operator Break,1345,47
718,2,2024-12-17,480,5,Changeover,1209,59
719,2,2024-12-18,480,11,Material Shortage,1359,91
720,2,2024-12-19,480,18,Changeover,1233,96
721,2,2024-12-20,480,12,Changeover,1419,94
722,2,2024-12-21,480,2,Mechanical Failure,1365,65
723,2,2024-12-22,480,22,Planned Maintenance,1147,45
724,2,2024-12-23,480,37,Material Shortage,1150,89
725,2,2024-12-24,480,6,Operator Break,1345,93
726,2,2024-12-25,480,13,Operator Break,1233,51
727,2,2024-12-26,480,0,Unspecified,1267,85
728,2,2024-12-27,480,53,Material Shortage,1268,1268
729,2,2024-12-28,480,29,Mechanical Failure,1285,57
730,2,2024-12-29,480,45,Mechanical Failure,1241,76
731,2,2024-12-30,480,2,Mechanical Failure,1302,73
732,2,2024-12-31,480,38,Unspecified,1229,63
733,3,2024-01-01,480,51,Material Shortage,681,681
734,3,2024-01-02,480,235,Unspecified,410,8
735,3,2024-01-03,480,32,Material Shortage,855,16
736,3,2024-01-04,480,153,Planned Maintenance,516,11
737,3,2024-01-05,480,122,Material Shortage,603,12
738,3,2024-01-06,480,31,Operator Break,851,8
739,3,2024-01-07,480,114,Changeover,648,6
740,3,2024-01-08,480,26,Unspecified,715,10
741,3,2024-01-09,480,33,Mechanical Failure,801,9
742,3,2024-01-10,480,33,Planned Maintenance,825,7
743,3,2024-01-11,480,219,Material Shortage,492,8
744,3,2024-01-12,480,84,Operator Break,753,8
745,3,2024-01-13,480,7,Material Shortage,785,15
746,3,2024-01-14,480,3,Mechanical Failure,852,19
747,3,2024-01-15,480,182,Changeover,526,4
748,3,2024-01-16,480,167,Unspecified,561,5
749,3,2024-01-17,480,9,Changeover,899,16
750,3,2024-01-18,480,166,Changeover,595,9
751,3,2024-01-19,480,68,Changeover,713,9
752,3,2024-01-20,480,53,Operator Break,793,13
753,3,2024-01-21,480,209,Mechanical Failure,470,8
754,3,2024-01-22,480,93,Mechanical Failure,693,12
755,3,2024-01-23,480,25,Changeover,801,7
756,3,2024-01-24,480,45,Changeover,762,13
757,3,2024-01-25,480,282,Mechanical Failure,355,6
758,3,2024-01-26,480,66,Unspecified,748,6
759,3,2024-01-27,480,27,Operator Break,772,11
760,3,2024-01-28,480,4,Planned Maintenance,773,9
761,3,2024-01-29,480,334,Mechanical Failure,247,3
762,3,2024-01-30,480,20,Operator Break,827,10
763,3,2024-01-31,480,21,Planned Maintenance,809,6
764,3,2024-02-01,480,0,Unspecified,793,6
765,3,2024-02-02,480,10,Operator Break,798,16
766,3,2024-02-03,480,79,Changeover,706,8
767,3,2024-02-04,480,252,Operator Break,392,3
768,3,2024-02-05,480,90,Material Shortage,629,8
769,3,2024-02-06,480,66,Unspecified,784,12
770,3,2024-02-07,480,114,Planned Maintenance,709,6
771,3,2024-02-08,480,30,Mechanical Failure,773,11
772,3,2024-02-09,480,49,Changeover,822,15
773,3,2024-02-10,480,88,Planned Maintenance,661,13
774,3,2024-02-11,480,291,Mechanical Failure,354,2
775,3,2024-02-12,480,95,Material Shortage,612,7
776,3,2024-02-13,480,5,Operator Break,853,15
777,3,2024-02-14,480,11,Planned Maintenance,804,11
778,3,2024-02-15,480,43,Changeover,706,10
779,3,2024-02-16,480,130,Changeover,559,5
780,3,2024-02-17,480,41,Material Shortage,843,15
781,3,2024-02-18,480,106,Unspecified,638,10
782,3,2024-02-19,480,0,Unspecified,867,19
783,3,2024-02-20,480,89,Operator Break,741,14
784,3,2024-02-21,480,12,Planned Maintenance,892,7
785,3,2024-02-22,480,71,Mechanical Failure,664,5
786,3,2024-02-23,480,51,Planned Maintenance,721,11
787,3,2024-02-24,480,81,Operator Break,633,6
788,3,2024-02-25,480,76,Mechanical Failure,686,13
789,3,2024-02-26,480,99,Mechanical Failure,718,13
790,3,2024-02-27,480,52,Planned Maintenance,779,9
791,3,2024-02-28,480,34,Mechanical Failure,831,12
792,3,2024-02-29,480,150,Mechanical Failure,619,13
793,3,2024-03-01,480,233,Material Shortage,427,5
794,3,2024-03-02,480,82,Mechanical Failure,680,11
795,3,2024-03-03,480,115,Material Shortage,666,9
796,3,2024-03-04,480,17,Changeover,801,7
797,3,2024-03-05,480,207,Changeover,464,4
798,3,2024-03-06,480,2,Planned Maintenance,865,15
799,3,2024-03-07,480,39,Changeover,705,9
800,3,2024-03-08,480,35,Mechanical Failure,811,13
801,3,2024-03-09,480,42,Unspecified,724,16
802,3,2024-03-10,480,56,Material Shortage,774,7
803,3,2024-03-11,480,62,Operator Break,661,10
804,3,2024-03-12,480,312,Operator Break,288,2
805,3,2024-03-13,480,2,Mechanical Failure,820,8
806,3,2024-03-14,480,2,Material Shortage,885,13
807,3,2024-03-15,480,32,Operator Break,853,8
808,3,2024-03-16,480,293,Changeover,315,6
809,3,2024-03-17,480,86,Changeover,740,17
810,3,2024-03-18,480,32,Operator Break,863,11
811,3,2024-03-19,480,45,Material Shortage,738,11
812,3,2024-03-20,480,15,Planned Maintenance,826,13
813,3,2024-03-21,480,135,Operator Break,648,9
814,3,2024-03-22,480,33,Mechanical Failure,745,8
815,3,2024-03-23,480,5,Mechanical Failure,807,9
816,3,2024-03-24,480,319,Changeover,286,3
817,3,2024-03-25,480,81,Operator Break,647,9
818,3,2024-03-26,480,92,Operator Break,680,9
819,3,2024-03-27,480,479,Planned Maintenance,1,0
820,3,2024-03-28,480,79,Planned Maintenance,722,7
821,3,2024-03-29,480,47,Operator Break,687,10
822,3,2024-03-30,480,73,Changeover,674,15
823,3,2024-03-31,480,226,Mechanical Failure,467,7
824,3,2024-04-01,480,191,Unspecified,468,9
825,3,2024-04-02,480,12,Mechanical Failure,873,10
826,3,2024-04-03,480,197,Changeover,543,5
827,3,2024-04-04,480,58,Material Shortage,816,816
828,3,2024-04-05,480,187,Operator Break,524,7
829,3,2024-04-06,480,31,Mechanical Failure,739,14
830,3,2024-04-07,480,45,Changeover,766,11
831,3,2024-04-08,480,81,Material Shortage,755,17
832,3,2024-04-09,480,49,Material Shortage,809,15
833,3,2024-04-10,480,80,Changeover,770,8
834,3,2024-04-11,480,10,Unspecified,887,12
835,3,2024-04-12,480,176,Unspecified,578,5
836,3,2024-04-13,480,202,Unspecified,483,7
837,3,2024-04-14,480,92,Material Shortage,743,5
838,3,2024-04-15,480,60,Mechanical Failure,767,14
839,3,2024-04-16,480,110,Material Shortage,600,7
840,3,2024-04-17,480,41,Mechanical Failure,820,9
841,3,2024-04-18,480,22,Planned Maintenance,882,6
842,3,2024-04-19,480,480,Operator Break,0,0
843,3,2024-04-20,480,32,Planned Maintenance,706,13
844,3,2024-04-21,480,169,Changeover,574,5
845,3,2024-04-22,480,131,Changeover,648,11
846,3,2024-04-23,480,136,Mechanical Failure,648,11
847,3,2024-04-24,480,8,Changeover,827,7
848,3,2024-04-25,480,49,Planned Maintenance,742,6
849,3,2024-04-26,480,40,Material Shortage,709,14
850,3,2024-04-27,480,277,Changeover,324,7
851,3,2024-04-28,480,69,Operator Break,691,6
852,3,2024-04-29,480,65,Mechanical Failure,774,14
853,3,2024-04-30,480,4,Changeover,761,10
854,3,2024-05-01,480,32,Planned Maintenance,743,9
855,3,2024-05-02,480,153,Changeover,626,8
856,3,2024-05-03,480,222,Material Shortage,436,6
857,3,2024-05-04,480,24,Material Shortage,825,18
858,3,2024-05-05,480,87,Operator Break,670,11
859,3,2024-05-06,480,12,Material Shortage,889,13
860,3,2024-05-07,480,56,Changeover,758,13
861,3,2024-05-08,480,7,Material Shortage,863,9
862,3,2024-05-09,480,117,Material Shortage,681,13
863,3,2024-05-10,480,75,Changeover,714,7
864,3,2024-05-11,480,140,Material Shortage,568,8
865,3,2024-05-12,480,31,Material Shortage,728,12
866,3,2024-05-13,480,5,Changeover,878,11
867,3,2024-05-14,480,0,Unspecified,845,7
868,3,2024-05-15,480,30,Operator Break,825,7
869,3,2024-05-16,480,172,Material Shortage,484,5
870,3,2024-05-17,480,127,Operator Break,596,5
871,3,2024-05-18,480,42,Material Shortage,732,15
872,3,2024-05-19,480,35,Material Shortage,829,17
873,3,2024-05-20,480,53,Material Shortage,815,11
874,3,2024-05-21,480,313,Operator Break,268,4
875,3,2024-05-22,480,64,Operator Break,713,12
876,3,2024-05-23,480,114,Mechanical Failure,576,5
877,3,2024-05-24,480,117,Material Shortage,660,15
878,3,2024-05-25,480,134,Mechanical Failure,665,12
879,3,2024-05-26,480,33,Planned Maintenance,720,14
880,3,2024-05-27,480,97,Changeover,609,8
881,3,2024-05-28,480,295,Unspecified,325,4
882,3,2024-05-29,480,57,Mechanical Failure,697,9
883,3,2024-05-30,480,43,Changeover,695,13
884,3,2024-05-31,480,50,Planned Maintenance,806,16
885,3,2024-06-01,480,22,Mechanical Failure,831,12
886,3,2024-06-02,480,199,Operator Break,464,8
887,3,2024-06-03,480,88,Mechanical Failure,659,6
888,3,2024-06-04,480,99,Changeover,703,8
889,3,2024-06-05,480,97,Changeover,658,12
890,3,2024-06-06,480,20,Operator Break,874,10
891,3,2024-06-07,480,43,Mechanical Failure,696,6
892,3,2024-06-08,480,68,Mechanical Failure,688,14
893,3,2024-06-09,480,1,Changeover,820,10
894,3,2024-06-10,480,1,Changeover,775,11
895,3,2024-06-11,480,63,Changeover,718,11
896,3,2024-06-12,480,85,Unspecified,622,9
897,3,2024-06-13,480,311,Unspecified,298,5
898,3,2024-06-14,480,35,Changeover,827,16
899,3,2024-06-15,480,69,Changeover,794,7
900,3,2024-06-16,480,1,Material Shortage,889,18
901,3,2024-06-17,480,12,Changeover,781,6
902,3,2024-06-18,480,32,Changeover,832,13
903,3,2024-06-19,480,40,Operator Break,752,5
904,3,2024-06-20,480,33,Unspecified,809,18
905,3,2024-06-21,480,176,Planned Maintenance,480,10
906,3,2024-06-22,480,143,Changeover,627,9
907,3,2024-06-23,480,47,Changeover,729,6
908,3,2024-06-24,480,24,Material Shortage,758,11
909,3,2024-06-25,480,129,Material Shortage,613,5
910,3,2024-06-26,480,297,Changeover,351,7
911,3,2024-06-27,480,446,Planned Maintenance,60,1
912,3,2024-06-28,480,7,Unspecified,807,9
913,3,2024-06-29,480,20,Material Shortage,747,13
914,3,2024-06-30,480,143,Changeover,602,6
915,3,2024-07-01,480,156,Planned Maintenance,585,8
916,3,2024-07-02,480,105,Planned Maintenance,625,8
917,3,2024-07-03,480,234,Changeover,413,6
918,3,2024-07-04,480,207,Mechanical Failure,500,4
919,3,2024-07-05,480,14,Operator Break,734,12
920,3,2024-07-06,480,55,Material Shortage,689,15
921,3,2024-07-07,480,70,Mechanical Failure,681,10
922,3,2024-07-08,480,107,Unspecified,597,7
923,3,2024-07-09,480,154,Operator Break,568,9
924,3,2024-07-10,480,53,Material Shortage,678,7
925,3,2024-07-11,480,55,Planned Maintenance,701,5
926,3,2024-07-12,480,174,Planned Maintenance,592,11
927,3,2024-07-13,480,180,Unspecified,498,11
928,3,2024-07-14,480,20,Planned Maintenance,885,20
929,3,2024-07-15,480,117,Planned Maintenance,702,11
930,3,2024-07-16,480,28,Operator Break,783,13
931,3,2024-07-17,480,7,Unspecified,852,19
932,3,2024-07-18,480,19,Changeover,860,18
933,3,2024-07-19,480,270,Planned Maintenance,404,6
934,3,2024-07-20,480,356,Changeover,229,2
935,3,2024-07-21,480,60,Operator Break,772,8
936,3,2024-07-22,480,96,Operator Break,698,7
937,3,2024-07-23,480,78,Material Shortage,746,11
938,3,2024-07-24,480,1,Material Shortage,754,10
939,3,2024-07-25,480,245,Material Shortage,389,6
940,3,2024-07-26,480,23,Unspecified,773,16
941,3,2024-07-27,480,122,Material Shortage,575,8
942,3,2024-07-28,480,2,Mechanical Failure,836,15
943,3,2024-07-29,480,11,Planned Maintenance,787,10
944,3,2024-07-30,480,237,Planned Maintenance,471,3
945,3,2024-07-31,480,134,Material Shortage,591,8
946,3,2024-08-01,480,132,Operator Break,665,14
947,3,2024-08-02,480,80,Operator Break,681,13
948,3,2024-08-03,480,27,Operator Break,806,10
949,3,2024-08-04,480,100,Operator Break,631,6
950,3,2024-08-05,480,235,Mechanical Failure,394,6
951,3,2024-08-06,480,23,Changeover,725,6
952,3,2024-08-07,480,18,Operator Break,874,10
953,3,2024-08-08,480,282,Mechanical Failure,353,5
954,3,2024-08-09,480,81,Planned Maintenance,703,13
955,3,2024-08-10,480,31,Operator Break,764,16
956,3,2024-08-11,480,275,Operator Break,390,5
957,3,2024-08-12,480,142,Material Shortage,591,9
958,3,2024-08-13,480,21,Mechanical Failure,822,8
959,3,2024-08-14,480,37,Changeover,836,9
960,3,2024-08-15,480,6,Planned Maintenance,757,16
961,3,2024-08-16,480,66,Planned Maintenance,713,14
962,3,2024-08-17,480,170,Unspecified,525,9
963,3,2024-08-18,480,138,Mechanical Failure,620,6
964,3,2024-08-19,480,196,Changeover,503,6
965,3,2024-08-20,480,52,Changeover,678,6
966,3,2024-08-21,480,136,Operator Break,540,7
967,3,2024-08-22,480,69,Mechanical Failure,654,14
968,3,2024-08-23,480,24,Changeover,768,9
969,3,2024-08-24,480,24,Material Shortage,717,13
970,3,2024-08-25,480,320,Mechanical Failure,264,4
971,3,2024-08-26,480,127,Mechanical Failure,665,9
972,3,2024-08-27,480,33,Operator Break,756,14
973,3,2024-08-28,480,159,Mechanical Failure,526,7
974,3,2024-08-29,480,218,Mechanical Failure,490,11
975,3,2024-08-30,480,132,Changeover,597,10
976,3,2024-08-31,480,101,Operator Break,606,9
977,3,2024-09-01,480,116,Unspecified,594,11
978,3,2024-09-02,480,82,Operator Break,766,6
979,3,2024-09-03,480,29,Operator Break,809,10
980,3,2024-09-04,480,117,Mechanical Failure,672,6
981,3,2024-09-05,480,67,Mechanical Failure,727,9
982,3,2024-09-06,480,254,Mechanical Failure,424,7
983,3,2024-09-07,480,117,Material Shortage,632,13
984,3,2024-09-08,480,111,Operator Break,679,679
985,3,2024-09-09,480,30,Material Shortage,842,9
986,3,2024-09-10,480,39,Operator Break,748,17
987,3,2024-09-11,480,182,Planned Maintenance,545,10
988,3,2024-09-12,480,77,Operator Break,774,11
989,3,2024-09-13,480,45,Material Shortage,710,14
990,3,2024-09-14,480,124,Material Shortage,610,4
991,3,2024-09-15,480,171,Changeover,487,9
992,3,2024-09-16,480,330,Changeover,260,2
993,3,2024-09-17,480,114,Mechanical Failure,686,11
994,3,2024-09-18,480,321,Operator Break,253,3
995,3,2024-09-19,480,119,Planned Maintenance,682,7
996,3,2024-09-20,480,151,Unspecified,584,8
997,3,2024-09-21,480,13,Unspecified,883,9
998,3,2024-09-22,480,34,Operator Break,749,15
999,3,2024-09-23,480,105,Planned Maintenance,700,8
1000,3,2024-09-24,480,92,Changeover,692,14
1001,3,2024-09-25,480,222,Unspecified,406,7
1002,3,2024-09-26,480,5,Operator Break,843,10
1003,3,2024-09-27,480,34,Changeover,759,13
1004,3,2024-09-28,480,38,Changeover,814,11
1005,3,2024-09-29,480,6,Planned Maintenance,882,10
1006,3,2024-09-30,480,53,Mechanical Failure,779,10
1007,3,2024-10-01,480,5,Material Shortage,812,18
1008,3,2024-10-02,480,96,Mechanical Failure,699,12
1009,3,2024-10-03,480,20,Operator Break,794,15
1010,3,2024-10-04,480,10,Material Shortage,787,9
1011,3,2024-10-05,480,53,Mechanical Failure,826,7
1012,3,2024-10-06,480,68,Mechanical Failure,675,15
1013,3,2024-10-07,480,11,Changeover,807,15
1014,3,2024-10-08,480,114,Planned Maintenance,632,8
1015,3,2024-10-09,480,47,Material Shortage,723,7
1016,3,2024-10-10,480,62,Material Shortage,698,8
1017,3,2024-10-11,480,100,Material Shortage,733,12
1018,3,2024-10-12,480,7,Planned Maintenance,757,17
1019,3,2024-10-13,480,33,Mechanical Failure,718,12
1020,3,2024-10-14,480,91,Planned Maintenance,705,8
1021,3,2024-10-15,480,1,Planned Maintenance,924,10
1022,3,2024-10-16,480,106,Material Shortage,685,11
1023,3,2024-10-17,480,35,Material Shortage,744,12
1024,3,2024-10-18,480,189,Changeover,559,5
1025,3,2024-10-19,480,15,Operator Break,893,17
1026,3,2024-10-20,480,201,Changeover,459,7
1027,3,2024-10-21,480,113,Operator Break,669,9
1028,3,2024-10-22,480,1,Changeover,856,10
1029,3,2024-10-23,480,56,Planned Maintenance,816,11
1030,3,2024-10-24,480,172,Operator Break,505,9
1031,3,2024-10-25,480,355,Operator Break,201,201
1032,3,2024-10-26,480,53,Mechanical Failure,686,13
1033,3,2024-10-27,480,231,Mechanical Failure,431,5
1034,3,2024-10-28,480,53,Operator Break,785,6
1035,3,2024-10-29,480,83,Planned Maintenance,714,12
1036,3,2024-10-30,480,26,Unspecified,833,7
1037,3,2024-10-31,480,20,Mechanical Failure,872,16
1038,3,2024-11-01,480,1,Planned Maintenance,797,8
1039,3,2024-11-02,480,29,Changeover,750,6
1040,3,2024-11-03,480,57,Material Shortage,779,13
1041,3,2024-11-04,480,105,Planned Maintenance,600,13
1042,3,2024-11-05,480,171,Operator Break,577,11
1043,3,2024-11-06,480,253,Planned Maintenance,402,4
1044,3,2024-11-07,480,90,Planned Maintenance,720,13
1045,3,2024-11-08,480,69,Planned Maintenance,656,8
1046,3,2024-11-09,480,238,Mechanical Failure,432,6
1047,3,2024-11-10,480,29,Changeover,770,16
1048,3,2024-11-11,480,103,Changeover,702,10
1049,3,2024-11-12,480,93,Mechanical Failure,644,12
1050,3,2024-11-13,480,52,Mechanical Failure,743,13
1051,3,2024-11-14,480,259,Changeover,352,7
1052,3,2024-11-15,480,32,Mechanical Failure,778,6
1053,3,2024-11-16,480,33,Changeover,786,6
1054,3,2024-11-17,480,63,Changeover,798,7
1055,3,2024-11-18,480,136,Planned Maintenance,593,10
1056,3,2024-11-19,480,28,Operator Break,737,7
1057,3,2024-11-20,480,6,Material Shortage,777,14
1058,3,2024-11-21,480,200,Operator Break,524,9
1059,3,2024-11-22,480,11,Unspecified,787,9
1060,3,2024-11-23,480,27,Planned Maintenance,798,12
1061,3,2024-11-24,480,41,Operator Break,747,15
1062,3,2024-11-25,480,146,Changeover,563,12
1063,3,2024-11-26,480,287,Operator Break,326,4
1064,3,2024-11-27,480,66,Planned Maintenance,795,16
1065,3,2024-11-28,480,10,Operator Break,807,13
1066,3,2024-11-29,480,65,Planned Maintenance,682,14
1067,3,2024-11-30,480,106,Operator Break,704,14
1068,3,2024-12-01,480,129,Mechanical Failure,608,10
1069,3,2024-12-02,480,16,Operator Break,845,8
1070,3,2024-12-03,480,111,Changeover,611,611
1071,3,2024-12-04,480,17,Mechanical Failure,728,13
1072,3,2024-12-05,480,124,Mechanical Failure,627,6
1073,3,2024-12-06,480,8,Operator Break,745,7
1074,3,2024-12-07,480,208,Planned Maintenance,452,5
1075,3,2024-12-08,480,10,Planned Maintenance,777,12
1076,3,2024-12-09,480,88,Material Shortage,652,5
1077,3,2024-12-10,480,46,Mechanical Failure,720,8
1078,3,2024-12-11,480,302,Planned Maintenance,320,5
1079,3,2024-12-12,480,50,Operator Break,744,12
1080,3,2024-12-13,480,112,Changeover,674,674
1081,3,2024-12-14,480,65,Changeover,715,15
1082,3,2024-12-15,480,93,Unspecified,684,6
1083,3,2024-12-16,480,87,Changeover,635,8
1084,3,2024-12-17,480,14,Operator Break,852,9
1085,3,2024-12-18,480,46,Mechanical Failure,826,9
1086,3,2024-12-19,480,66,Operator Break,715,5
1087,3,2024-12-20,480,148,Operator Break,530,8
1088,3,2024-12-21,480,77,Material Shortage,727,13
1089,3,2024-12-22,480,27,Material Shortage,714,13
1090,3,2024-12-23,480,72,Operator Break,767,15
1091,3,2024-12-24,480,174,Changeover,536,6
1092,3,2024-12-25,480,147,Operator Break,579,6
1093,3,2024-12-26,480,181,Operator Break,567,8
1094,3,2024-12-27,480,7,Changeover,811,16
1095,3,2024-12-28,480,218,Changeover,431,3
1096,3,2024-12-29,480,197,Operator Break,485,7
1097,3,2024-12-30,480,324,Operator Break,249,4
1098,3,2024-12-31,480,7,Planned Maintenance,809,16
1099,4,2024-01-01,480,40,Planned Maintenance,650,28
1100,4,2024-01-02,480,21,Planned Maintenance,686,23
1101,4,2024-01-03,480,22,Mechanical Failure,698,51
1102,4,2024-01-04,480,53,Material Shortage,684,20
1103,4,2024-01-05,480,12,Mechanical Failure,743,43
1104,4,2024-01-06,480,0,Unspecified,784,59
1105,4,2024-01-07,480,39,Mechanical Failure,615,46
1106,4,2024-01-08,480,43,Material Shortage,710,53
1107,4,2024-01-09,480,80,Mechanical Failure,616,23
1108,4,2024-01-10,480,55,Material Shortage,669,49
1109,4,2024-01-11,480,9,Operator Break,676,56
1110,4,2024-01-12,480,68,Changeover,687,51
1111,4,2024-01-13,480,45,Operator Break,689,57
1112,4,2024-01-14,480,43,Material Shortage,689,27
1113,4,2024-01-15,480,31,Material Shortage,721,33
1114,4,2024-01-16,480,11,Material Shortage,692,30
1115,4,2024-01-17,480,12,Operator Break,707,59
1116,4,2024-01-18,480,35,Operator Break,638,22
1117,4,2024-01-19,480,59,Planned Maintenance,630,49
1118,4,2024-01-20,480,53,Unspecified,696,32
1119,4,2024-01-21,480,58,Material Shortage,615,52
1120,4,2024-01-22,480,50,Material Shortage,636,29
1121,4,2024-01-23,480,10,Material Shortage,751,32
1122,4,2024-01-24,480,45,Material Shortage,634,44
1123,4,2024-01-25,480,83,Operator Break,645,48
1124,4,2024-01-26,480,10,Changeover,659,47
1125,4,2024-01-27,480,22,Planned Maintenance,693,22
1126,4,2024-01-28,480,14,Planned Maintenance,645,53
1127,4,2024-01-29,480,13,Operator Break,725,23
1128,4,2024-01-30,480,54,Material Shortage,629,52
1129,4,2024-01-31,480,109,Unspecified,548,45
1130,4,2024-02-01,480,276,Changeover,334,26
1131,4,2024-02-02,480,14,Operator Break,727,24
1132,4,2024-02-03,480,4,Planned Maintenance,807,39
1133,4,2024-02-04,480,68,Mechanical Failure,673,54
1134,4,2024-02-05,480,300,Material Shortage,261,8
1135,4,2024-02-06,480,26,Planned Maintenance,642,20
1136,4,2024-02-07,480,22,Mechanical Failure,745,47
1137,4,2024-02-08,480,18,Planned Maintenance,732,32
1138,4,2024-02-09,480,0,Unspecified,778,52
1139,4,2024-02-10,480,71,Mechanical Failure,567,45
1140,4,2024-02-11,480,48,Operator Break,672,45
1141,4,2024-02-12,480,99,Material Shortage,595,38
1142,4,2024-02-13,480,232,Mechanical Failure,401,22
1143,4,2024-02-14,480,61,Material Shortage,628,27
1144,4,2024-02-15,480,45,Mechanical Failure,728,62
1145,4,2024-02-16,480,20,Planned Maintenance,710,30
1146,4,2024-02-17,480,270,Changeover,355,24
1147,4,2024-02-18,480,81,Planned Maintenance,640,41
1148,4,2024-02-19,480,2,Mechanical Failure,727,51
1149,4,2024-02-20,480,56,Material Shortage,633,54
1150,4,2024-02-21,480,9,Operator Break,723,51
1151,4,2024-02-22,480,59,Operator Break,666,30
1152,4,2024-02-23,480,8,Operator Break,745,49
1153,4,2024-02-24,480,9,Material Shortage,754,43
1154,4,2024-02-25,480,54,Material Shortage,700,28
1155,4,2024-02-26,480,0,Unspecified,780,51
1156,4,2024-02-27,480,59,Mechanical Failure,692,692
1157,4,2024-02-28,480,161,Planned Maintenance,493,493
1158,4,2024-02-29,480,25,Planned Maintenance,647,41
1159,4,2024-03-01,480,16,Operator Break,775,50
1160,4,2024-03-02,480,44,Planned Maintenance,649,21
1161,4,2024-03-03,480,1,Planned Maintenance,723,25
1162,4,2024-03-04,480,46,Operator Break,720,59
1163,4,2024-03-05,480,53,Material Shortage,615,50
1164,4,2024-03-06,480,108,Planned Maintenance,534,39
1165,4,2024-03-07,480,16,Changeover,758,67
1166,4,2024-03-08,480,1,Operator Break,797,53
1167,4,2024-03-09,480,180,Unspecified,457,36
1168,4,2024-03-10,480,3,Mechanical Failure,707,23
1169,4,2024-03-11,480,184,Unspecified,484,39
1170,4,2024-03-12,480,138,Planned Maintenance,479,25
1171,4,2024-03-13,480,3,Material Shortage,687,29
1172,4,2024-03-14,480,31,Material Shortage,655,23
1173,4,2024-03-15,480,9,Mechanical Failure,669,58
1174,4,2024-03-16,480,70,Changeover,691,38
1175,4,2024-03-17,480,16,Planned Maintenance,757,37
1176,4,2024-03-18,480,17,Changeover,671,25
1177,4,2024-03-19,480,14,Material Shortage,693,48
1178,4,2024-03-20,480,3,Operator Break,687,53
1179,4,2024-03-21,480,7,Mechanical Failure,702,57
1180,4,2024-03-22,480,8,Changeover,661,38
1181,4,2024-03-23,480,17,Material Shortage,720,56
1182,4,2024-03-24,480,7,Changeover,738,44
1183,4,2024-03-25,480,7,Mechanical Failure,745,34
1184,4,2024-03-26,480,33,Changeover,626,35
1185,4,2024-03-27,480,18,Unspecified,757,25
1186,4,2024-03-28,480,26,Changeover,691,50
1187,4,2024-03-29,480,42,Material Shortage,696,53
1188,4,2024-03-30,480,98,Planned Maintenance,563,34
1189,4,2024-03-31,480,91,Planned Maintenance,659,54
1190,4,2024-04-01,480,23,Planned Maintenance,656,38
1191,4,2024-04-02,480,67,Planned Maintenance,633,37
1192,4,2024-04-03,480,90,Operator Break,581,47
1193,4,2024-04-04,480,25,Material Shortage,673,38
1194,4,2024-04-05,480,71,Operator Break,578,24
1195,4,2024-04-06,480,150,Material Shortage,472,30
1196,4,2024-04-07,480,43,Operator Break,669,45
1197,4,2024-04-08,480,12,Operator Break,726,37
1198,4,2024-04-09,480,53,Material Shortage,606,38
1199,4,2024-04-10,480,10,Mechanical Failure,688,29
1200,4,2024-04-11,480,10,Mechanical Failure,771,36
1201,4,2024-04-12,480,130,Planned Maintenance,590,37
1202,4,2024-04-13,480,7,Material Shortage,707,707
1203,4,2024-04-14,480,22,Mechanical Failure,642,40
1204,4,2024-04-15,480,92,Planned Maintenance,633,25
1205,4,2024-04-16,480,55,Planned Maintenance,614,26
1206,4,2024-04-17,480,103,Operator Break,548,25
1207,4,2024-04-18,480,0,Unspecified,794,61
1208,4,2024-04-19,480,49,Operator Break,696,27
1209,4,2024-04-20,480,30,Mechanical Failure,669,23
1210,4,2024-04-21,480,33,Mechanical Failure,747,24
1211,4,2024-04-22,480,17,Operator Break,667,29
1212,4,2024-04-23,480,118,Changeover,552,31
1213,4,2024-04-24,480,71,Material Shortage,582,34
1214,4,2024-04-25,480,27,Material Shortage,709,63
1215,4,2024-04-26,480,73,Material Shortage,611,48
1216,4,2024-04-27,480,9,Material Shortage,651,27
1217,4,2024-04-28,480,20,Operator Break,708,47
1218,4,2024-04-29,480,120,Planned Maintenance,554,33
1219,4,2024-04-30,480,2,Material Shortage,662,41
1220,4,2024-05-01,480,28,Unspecified,743,29
1221,4,2024-05-02,480,1,Unspecified,727,32
1222,4,2024-05-03,480,2,Material Shortage,768,28
1223,4,2024-05-04,480,46,Operator Break,635,25
1224,4,2024-05-05,480,23,Mechanical Failure,746,39
1225,4,2024-05-06,480,69,Material Shortage,581,44
1226,4,2024-05-07,480,13,Mechanical Failure,744,47
1227,4,2024-05-08,480,131,Mechanical Failure,523,17
1228,4,2024-05-09,480,0,Unspecified,787,48
1229,4,2024-05-10,480,74,Unspecified,588,29
1230,4,2024-05-11,480,1,Changeover,807,56
1231,4,2024-05-12,480,134,Planned Maintenance,505,33
1232,4,2024-05-13,480,56,Mechanical Failure,626,50
1233,4,2024-05-14,480,146,Unspecified,554,41
1234,4,2024-05-15,480,16,Operator Break,679,59
1235,4,2024-05-16,480,0,Unspecified,770,55
1236,4,2024-05-17,480,48,Planned Maintenance,731,35
1237,4,2024-05-18,480,20,Changeover,643,36
1238,4,2024-05-19,480,15,Mechanical Failure,690,55
1239,4,2024-05-20,480,136,Operator Break,493,25
1240,4,2024-05-21,480,131,Mechanical Failure,486,17
1241,4,2024-05-22,480,8,Planned Maintenance,739,28
1242,4,2024-05-23,480,171,Operator Break,469,28
1243,4,2024-05-24,480,14,Material Shortage,711,49
1244,4,2024-05-25,480,69,Planned Maintenance,664,42
1245,4,2024-05-26,480,116,Operator Break,596,44
1246,4,2024-05-27,480,2,Material Shortage,657,28
1247,4,2024-05-28,480,54,Mechanical Failure,642,34
1248,4,2024-05-29,480,107,Material Shortage,620,52
1249,4,2024-05-30,480,18,Changeover,738,34
1250,4,2024-05-31,480,10,Unspecified,673,33
1251,4,2024-06-01,480,27,Planned Maintenance,744,27
1252,4,2024-06-02,480,66,Mechanical Failure,640,30
1253,4,2024-06-03,480,33,Planned Maintenance,657,43
1254,4,2024-06-04,480,28,Changeover,645,23
1255,4,2024-06-05,480,39,Material Shortage,734,37
1256,4,2024-06-06,480,65,Operator Break,658,56
1257,4,2024-06-07,480,85,Changeover,615,42
1258,4,2024-06-08,480,113,Material Shortage,551,27
1259,4,2024-06-09,480,0,Unspecified,787,61
1260,4,2024-06-10,480,5,Planned Maintenance,741,42
1261,4,2024-06-11,480,6,Planned Maintenance,801,34
1262,4,2024-06-12,480,3,Operator Break,747,55
1263,4,2024-06-13,480,1,Changeover,760,46
1264,4,2024-06-14,480,5,Planned Maintenance,679,43
1265,4,2024-06-15,480,17,Material Shortage,776,61
1266,4,2024-06-16,480,204,Operator Break,402,35
1267,4,2024-06-17,480,28,Planned Maintenance,671,22
1268,4,2024-06-18,480,2,Operator Break,763,43
1269,4,2024-06-19,480,12,Planned Maintenance,736,33
1270,4,2024-06-20,480,42,Operator Break,652,51
1271,4,2024-06-21,480,85,Operator Break,603,30
1272,4,2024-06-22,480,22,Material Shortage,748,37
1273,4,2024-06-23,480,11,Operator Break,657,38
1274,4,2024-06-24,480,32,Material Shortage,737,31
1275,4,2024-06-25,480,23,Planned Maintenance,747,59
1276,4,2024-06-26,480,24,Operator Break,694,33
1277,4,2024-06-27,480,134,Changeover,488,41
1278,4,2024-06-28,480,57,Changeover,653,20
1279,4,2024-06-29,480,32,Planned Maintenance,674,26
1280,4,2024-06-30,480,53,Material Shortage,720,45
1281,4,2024-07-01,480,62,Changeover,583,32
1282,4,2024-07-02,480,6,Operator Break,745,64
1283,4,2024-07-03,480,53,Changeover,597,30
1284,4,2024-07-04,480,39,Operator Break,663,52
1285,4,2024-07-05,480,83,Mechanical Failure,624,32
1286,4,2024-07-06,480,14,Mechanical Failure,656,33
1287,4,2024-07-07,480,26,Material Shortage,723,50
1288,4,2024-07-08,480,3,Mechanical Failure,716,29
1289,4,2024-07-09,480,8,Planned Maintenance,774,25
1290,4,2024-07-10,480,27,Planned Maintenance,647,53
1291,4,2024-07-11,480,40,Operator Break,637,38
1292,4,2024-07-12,480,65,Operator Break,698,30
1293,4,2024-07-13,480,108,Changeover,623,52
1294,4,2024-07-14,480,50,Changeover,678,36
1295,4,2024-07-15,480,69,Changeover,635,44
1296,4,2024-07-16,480,27,Changeover,729,57
1297,4,2024-07-17,480,7,Material Shortage,777,48
1298,4,2024-07-18,480,92,Changeover,587,30
1299,4,2024-07-19,480,122,Planned Maintenance,521,41
1300,4,2024-07-20,480,32,Operator Break,690,33
1301,4,2024-07-21,480,42,Planned Maintenance,647,20
1302,4,2024-07-22,480,15,Mechanical Failure,639,56
1303,4,2024-07-23,480,167,Mechanical Failure,470,34
1304,4,2024-07-24,480,21,Planned Maintenance,730,57
1305,4,2024-07-25,480,145,Operator Break,503,38
1306,4,2024-07-26,480,15,Changeover,787,24
1307,4,2024-07-27,480,46,Mechanical Failure,688,48
1308,4,2024-07-28,480,6,Changeover,795,32
1309,4,2024-07-29,480,48,Planned Maintenance,624,30
1310,4,2024-07-30,480,39,Unspecified,665,665
1311,4,2024-07-31,480,9,Planned Maintenance,710,710
1312,4,2024-08-01,480,113,Planned Maintenance,514,27
1313,4,2024-08-02,480,5,Planned Maintenance,655,655
1314,4,2024-08-03,480,45,Operator Break,620,27
1315,4,2024-08-04,480,1,Unspecified,787,69
1316,4,2024-08-05,480,7,Changeover,685,56
1317,4,2024-08-06,480,129,Operator Break,529,17
1318,4,2024-08-07,480,2,Planned Maintenance,745,39
1319,4,2024-08-08,480,1,Operator Break,748,22
1320,4,2024-08-09,480,77,Operator Break,593,19
1321,4,2024-08-10,480,44,Material Shortage,655,57
1322,4,2024-08-11,480,39,Planned Maintenance,645,46
1323,4,2024-08-12,480,15,Changeover,774,40
1324,4,2024-08-13,480,39,Operator Break,613,33
1325,4,2024-08-14,480,88,Operator Break,640,27
1326,4,2024-08-15,480,12,Planned Maintenance,766,65
1327,4,2024-08-16,480,4,Material Shortage,723,36
1328,4,2024-08-17,480,101,Operator Break,531,22
1329,4,2024-08-18,480,69,Operator Break,571,33
1330,4,2024-08-19,480,29,Mechanical Failure,668,35
1331,4,2024-08-20,480,37,Unspecified,631,40
1332,4,2024-08-21,480,81,Changeover,646,25
1333,4,2024-08-22,480,8,Planned Maintenance,689,35
1334,4,2024-08-23,480,26,Unspecified,723,24
1335,4,2024-08-24,480,1,Changeover,718,51
1336,4,2024-08-25,480,10,Changeover,743,33
1337,4,2024-08-26,480,108,Operator Break,618,29
1338,4,2024-08-27,480,13,Material Shortage,703,31
1339,4,2024-08-28,480,55,Planned Maintenance,697,48
1340,4,2024-08-29,480,86,Planned Maintenance,591,23
1341,4,2024-08-30,480,66,Planned Maintenance,617,43
1342,4,2024-08-31,480,15,Operator Break,651,58
1343,4,2024-09-01,480,8,Mechanical Failure,799,70
1344,4,2024-09-02,480,78,Unspecified,638,41
1345,4,2024-09-03,480,100,Material Shortage,557,32
1346,4,2024-09-04,480,48,Operator Break,651,36
1347,4,2024-09-05,480,19,Material Shortage,717,57
1348,4,2024-09-06,480,11,Planned Maintenance,786,55
1349,4,2024-09-07,480,86,Material Shortage,612,46
1350,4,2024-09-08,480,0,Unspecified,786,25
1351,4,2024-09-09,480,109,Changeover,628,29
1352,4,2024-09-10,480,11,Operator Break,760,34
1353,4,2024-09-11,480,99,Operator Break,536,20
1354,4,2024-09-12,480,192,Changeover,458,36
1355,4,2024-09-13,480,19,Mechanical Failure,734,48
1356,4,2024-09-14,480,45,Operator Break,693,44
1357,4,2024-09-15,480,27,Operator Break,662,50
1358,4,2024-09-16,480,12,Changeover,747,32
1359,4,2024-09-17,480,48,Operator Break,697,29
1360,4,2024-09-18,480,3,Mechanical Failure,675,44
1361,4,2024-09-19,480,94,Planned Maintenance,536,39
1362,4,2024-09-20,480,20,Unspecified,703,60
1363,4,2024-09-21,480,20,Mechanical Failure,701,21
1364,4,2024-09-22,480,4,Material Shortage,693,21
1365,4,2024-09-23,480,49,Material Shortage,651,40
1366,4,2024-09-24,480,9,Changeover,692,48
1367,4,2024-09-25,480,167,Mechanical Failure,435,36
1368,4,2024-09-26,480,42,Planned Maintenance,681,40
1369,4,2024-09-27,480,3,Unspecified,669,44
1370,4,2024-09-28,480,20,Operator Break,768,41
1371,4,2024-09-29,480,7,Planned Maintenance,759,36
1372,4,2024-09-30,480,37,Planned Maintenance,708,59
1373,4,2024-10-01,480,78,Operator Break,640,45
1374,4,2024-10-02,480,145,Material Shortage,492,14
1375,4,2024-10-03,480,15,Unspecified,671,46
1376,4,2024-10-04,480,49,Mechanical Failure,674,20
1377,4,2024-10-05,480,64,Operator Break,615,42
1378,4,2024-10-06,480,40,Material Shortage,653,24
1379,4,2024-10-07,480,4,Planned Maintenance,782,66
1380,4,2024-10-08,480,52,Operator Break,602,32
1381,4,2024-10-09,480,64,Mechanical Failure,676,25
1382,4,2024-10-10,480,0,Unspecified,770,39
1383,4,2024-10-11,480,14,Operator Break,642,39
1384,4,2024-10-12,480,94,Operator Break,649,41
1385,4,2024-10-13,480,35,Material Shortage,623,39
1386,4,2024-10-14,480,23,Unspecified,717,38
1387,4,2024-10-15,480,13,Planned Maintenance,656,31
1388,4,2024-10-16,480,5,Mechanical Failure,679,60
1389,4,2024-10-17,480,29,Changeover,697,57
1390,4,2024-10-18,480,269,Material Shortage,329,25
1391,4,2024-10-19,480,19,Material Shortage,679,36
1392,4,2024-10-20,480,55,Planned Maintenance,677,33
1393,4,2024-10-21,480,7,Unspecified,746,28
1394,4,2024-10-22,480,42,Mechanical Failure,700,50
1395,4,2024-10-23,480,69,Unspecified,680,40
1396,4,2024-10-24,480,65,Changeover,653,26
1397,4,2024-10-25,480,1,Operator Break,702,39
1398,4,2024-10-26,480,47,Planned Maintenance,714,29
1399,4,2024-10-27,480,6,Mechanical Failure,799,29
1400,4,2024-10-28,480,32,Planned Maintenance,700,43
1401,4,2024-10-29,480,4,Unspecified,662,23
1402,4,2024-10-30,480,43,Planned Maintenance,677,29
1403,4,2024-10-31,480,50,Mechanical Failure,704,22
1404,4,2024-11-01,480,34,Operator Break,712,32
1405,4,2024-11-02,480,18,Planned Maintenance,726,60
1406,4,2024-11-03,480,82,Mechanical Failure,621,45
1407,4,2024-11-04,480,22,Mechanical Failure,724,41
1408,4,2024-11-05,480,10,Operator Break,752,47
1409,4,2024-11-06,480,22,Material Shortage,764,23
1410,4,2024-11-07,480,18,Mechanical Failure,643,48
1411,4,2024-11-08,480,60,Material Shortage,622,43
1412,4,2024-11-09,480,25,Changeover,736,42
1413,4,2024-11-10,480,26,Changeover,761,34
1414,4,2024-11-11,480,6,Unspecified,740,65
1415,4,2024-11-12,480,23,Planned Maintenance,637,32
1416,4,2024-11-13,480,35,Material Shortage,634,43
1417,4,2024-11-14,480,303,Material Shortage,269,13
1418,4,2024-11-15,480,25,Material Shortage,642,53
1419,4,2024-11-16,480,26,Planned Maintenance,680,47
1420,4,2024-11-17,480,29,Material Shortage,714,23
1421,4,2024-11-18,480,83,Changeover,666,45
1422,4,2024-11-19,480,153,Material Shortage,465,27
1423,4,2024-11-20,480,45,Changeover,679,36
1424,4,2024-11-21,480,20,Mechanical Failure,650,34
1425,4,2024-11-22,480,8,Mechanical Failure,760,32
1426,4,2024-11-23,480,3,Material Shortage,740,48
1427,4,2024-11-24,480,102,Mechanical Failure,589,29
1428,4,2024-11-25,480,80,Planned Maintenance,619,21
1429,4,2024-11-26,480,41,Mechanical Failure,732,39
1430,4,2024-11-27,480,17,Material Shortage,657,25
1431,4,2024-11-28,480,28,Planned Maintenance,708,24
1432,4,2024-11-29,480,139,Operator Break,551,35
1433,4,2024-11-30,480,87,Material Shortage,550,550
1434,4,2024-12-01,480,49,Planned Maintenance,707,54
1435,4,2024-12-02,480,16,Changeover,778,29
1436,4,2024-12-03,480,103,Planned Maintenance,636,25
1437,4,2024-12-04,480,63,Material Shortage,578,31
1438,4,2024-12-05,480,36,Planned Maintenance,693,59
1439,4,2024-12-06,480,55,Operator Break,650,50
1440,4,2024-12-07,480,149,Mechanical Failure,457,0
1441,4,2024-12-08,480,4,Unspecified,779,36
1442,4,2024-12-09,480,7,Planned Maintenance,717,49
1443,4,2024-12-10,480,23,Unspecified,636,41
1444,4,2024-12-11,480,115,Mechanical Failure,546,23
1445,4,2024-12-12,480,29,Changeover,626,49
1446,4,2024-12-13,480,87,Operator Break,614,31
1447,4,2024-12-14,480,80,Mechanical Failure,621,49
1448,4,2024-12-15,480,49,Planned Maintenance,701,46
1449,4,2024-12-16,480,26,Material Shortage,764,47
1450,4,2024-12-17,480,46,Changeover,627,42
1451,4,2024-12-18,480,42,Material Shortage,628,21
1452,4,2024-12-19,480,46,Mechanical Failure,703,43
1453,4,2024-12-20,480,12,Mechanical Failure,743,25
1454,4,2024-12-21,480,29,Changeover,643,26
1455,4,2024-12-22,480,11,Unspecified,703,23
1456,4,2024-12-23,480,25,Changeover,700,41
1457,4,2024-12-24,480,24,Changeover,750,28
1458,4,2024-12-25,480,35,Planned Maintenance,620,21
1459,4,2024-12-26,480,42,Planned Maintenance,682,56
1460,4,2024-12-27,480,40,Changeover,741,24
1461,4,2024-12-28,480,5,Planned Maintenance,659,27
1462,4,2024-12-29,480,38,Material Shortage,699,22
1463,4,2024-12-30,480,145,Changeover,551,26
1464,4,2024-12-31,480,3,Planned Maintenance,681,25
1465,5,2024-01-01,480,6,Unspecified,677,36
1466,5,2024-01-02,480,28,Planned Maintenance,728,16
1467,5,2024-01-03,480,11,Changeover,698,14
1468,5,2024-01-04,480,0,Unspecified,732,30
1469,5,2024-01-05,480,12,Operator Break,687,22
1470,5,2024-01-06,480,0,Unspecified,682,16
1471,5,2024-01-07,480,2,Planned Maintenance,771,30
1472,5,2024-01-08,480,31,Material Shortage,635,20
1473,5,2024-01-09,480,6,Operator Break,638,15
1474,5,2024-01-10,480,39,Mechanical Failure,673,25
1475,5,2024-01-11,480,15,Mechanical Failure,745,15
1476,5,2024-01-12,480,8,Unspecified,673,31
1477,5,2024-01-13,480,119,Mechanical Failure,502,24
1478,5,2024-01-14,480,43,Changeover,606,19
1479,5,2024-01-15,480,12,Changeover,758,18
1480,5,2024-01-16,480,39,Changeover,626,27
1481,5,2024-01-17,480,13,Planned Maintenance,699,33
1482,5,2024-01-18,480,39,Mechanical Failure,699,14
1483,5,2024-01-19,480,28,Changeover,615,20
1484,5,2024-01-20,480,19,Mechanical Failure,664,24
1485,5,2024-01-21,480,138,Mechanical Failure,464,19
1486,5,2024-01-22,480,12,Changeover,635,15
1487,5,2024-01-23,480,72,Unspecified,648,648
1488,5,2024-01-24,480,116,Mechanical Failure,503,15
1489,5,2024-01-25,480,27,Material Shortage,664,21
1490,5,2024-01-26,480,10,Mechanical Failure,705,27
1491,5,2024-01-27,480,4,Planned Maintenance,696,26
1492,5,2024-01-28,480,20,Operator Break,636,28
1493,5,2024-01-29,480,0,Unspecified,685,31
1494,5,2024-01-30,480,20,Material Shortage,643,27
1495,5,2024-01-31,480,20,Operator Break,719,31
1496,5,2024-02-01,480,23,Operator Break,671,15
1497,5,2024-02-02,480,7,Mechanical Failure,684,27
1498,5,2024-02-03,480,17,Planned Maintenance,651,11
1499,5,2024-02-04,480,16,Changeover,652,28
1500,5,2024-02-05,480,0,Unspecified,719,37
1501,5,2024-02-06,480,4,Unspecified,696,14
1502,5,2024-02-07,480,24,Mechanical Failure,678,22
1503,5,2024-02-08,480,18,Changeover,737,18
1504,5,2024-02-09,480,0,Unspecified,760,29
1505,5,2024-02-10,480,54,Material Shortage,640,30
1506,5,2024-02-11,480,13,Mechanical Failure,723,36
1507,5,2024-02-12,480,20,Unspecified,631,17
1508,5,2024-02-13,480,5,Planned Maintenance,662,19
1509,5,2024-02-14,480,19,Planned Maintenance,691,23
1510,5,2024-02-15,480,23,Material Shortage,613,12
1511,5,2024-02-16,480,4,Unspecified,703,18
1512,5,2024-02-17,480,8,Planned Maintenance,680,32
1513,5,2024-02-18,480,0,Unspecified,729,30
1514,5,2024-02-19,480,39,Operator Break,708,13
1515,5,2024-02-20,480,4,Mechanical Failure,757,26
1516,5,2024-02-21,480,20,Mechanical Failure,700,29
1517,5,2024-02-22,480,65,Planned Maintenance,675,29
1518,5,2024-02-23,480,8,Operator Break,750,14
1519,5,2024-02-24,480,6,Operator Break,756,20
1520,5,2024-02-25,480,6,Planned Maintenance,644,31
1521,5,2024-02-26,480,16,Planned Maintenance,708,18
1522,5,2024-02-27,480,34,Planned Maintenance,692,20
1523,5,2024-02-28,480,12,Planned Maintenance,647,34
1524,5,2024-02-29,480,25,Unspecified,731,21
1525,5,2024-03-01,480,37,Planned Maintenance,688,29
1526,5,2024-03-02,480,82,Planned Maintenance,572,12
1527,5,2024-03-03,480,27,Mechanical Failure,699,26
1528,5,2024-03-04,480,5,Changeover,700,20
1529,5,2024-03-05,480,13,Material Shortage,708,31
1530,5,2024-03-06,480,6,Operator Break,684,18
1531,5,2024-03-07,480,5,Changeover,741,37
1532,5,2024-03-08,480,11,Operator Break,727,36
1533,5,2024-03-09,480,45,Changeover,597,31
1534,5,2024-03-10,480,11,Material Shortage,667,13
1535,5,2024-03-11,480,16,Mechanical Failure,627,16
1536,5,2024-03-12,480,9,Planned Maintenance,738,36
1537,5,2024-03-13,480,8,Mechanical Failure,747,36
1538,5,2024-03-14,480,35,Material Shortage,606,25
1539,5,2024-03-15,480,70,Material Shortage,626,18
1540,5,2024-03-16,480,16,Changeover,704,25
1541,5,2024-03-17,480,3,Material Shortage,674,31
1542,5,2024-03-18,480,48,Changeover,587,30
1543,5,2024-03-19,480,9,Planned Maintenance,717,32
1544,5,2024-03-20,480,40,Changeover,708,20
1545,5,2024-03-21,480,47,Mechanical Failure,588,25
1546,5,2024-03-22,480,33,Material Shortage,682,18
1547,5,2024-03-23,480,50,Planned Maintenance,589,11
1548,5,2024-03-24,480,30,Material Shortage,659,31
1549,5,2024-03-25,480,11,Operator Break,642,30
1550,5,2024-03-26,480,19,Material Shortage,634,27
1551,5,2024-03-27,480,17,Operator Break,696,24
1552,5,2024-03-28,480,43,Material Shortage,688,29
1553,5,2024-03-29,480,2,Material Shortage,754,31
1554,5,2024-03-30,480,29,Planned Maintenance,644,31
1555,5,2024-03-31,480,31,Operator Break,607,19
1556,5,2024-04-01,480,53,Mechanical Failure,568,29
1557,5,2024-04-02,480,27,Operator Break,685,18
1558,5,2024-04-03,480,6,Operator Break,762,21
1559,5,2024-04-04,480,36,Mechanical Failure,639,14
1560,5,2024-04-05,480,0,Unspecified,713,37
1561,5,2024-04-06,480,11,Planned Maintenance,669,20
1562,5,2024-04-07,480,17,Material Shortage,673,33
1563,5,2024-04-08,480,17,Operator Break,682,15
1564,5,2024-04-09,480,99,Material Shortage,531,10
1565,5,2024-04-10,480,26,Mechanical Failure,681,22
1566,5,2024-04-11,480,13,Material Shortage,728,18
1567,5,2024-04-12,480,41,Mechanical Failure,666,21
1568,5,2024-04-13,480,14,Operator Break,651,29
1569,5,2024-04-14,480,17,Changeover,656,25
1570,5,2024-04-15,480,133,Material Shortage,503,25
1571,5,2024-04-16,480,10,Changeover,627,15
1572,5,2024-04-17,480,13,Operator Break,647,11
1573,5,2024-04-18,480,60,Material Shortage,663,29
1574,5,2024-04-19,480,4,Planned Maintenance,644,13
1575,5,2024-04-20,480,31,Planned Maintenance,720,24
1576,5,2024-04-21,480,3,Planned Maintenance,704,21
1577,5,2024-04-22,480,11,Mechanical Failure,708,31
1578,5,2024-04-23,480,2,Planned Maintenance,635,34
1579,5,2024-04-24,480,6,Mechanical Failure,632,15
1580,5,2024-04-25,480,0,Unspecified,690,32
1581,5,2024-04-26,480,10,Operator Break,683,28
1582,5,2024-04-27,480,17,Material Shortage,733,35
1583,5,2024-04-28,480,0,Unspecified,748,25
1584,5,2024-04-29,480,109,Mechanical Failure,544,29
1585,5,2024-04-30,480,34,Material Shortage,621,23
1586,5,2024-05-01,480,118,Planned Maintenance,573,12
1587,5,2024-05-02,480,29,Material Shortage,642,11
1588,5,2024-05-03,480,12,Material Shortage,650,30
1589,5,2024-05-04,480,10,Unspecified,739,13
1590,5,2024-05-05,480,8,Changeover,657,17
1591,5,2024-05-06,480,1,Planned Maintenance,658,24
1592,5,2024-05-07,480,8,Changeover,682,21
1593,5,2024-05-08,480,51,Material Shortage,685,24
1594,5,2024-05-09,480,9,Mechanical Failure,636,33
1595,5,2024-05-10,480,1,Unspecified,675,19
1596,5,2024-05-11,480,9,Changeover,644,29
1597,5,2024-05-12,480,3,Changeover,722,16
1598,5,2024-05-13,480,1,Material Shortage,766,18
1599,5,2024-05-14,480,42,Material Shortage,651,13
1600,5,2024-05-15,480,76,Changeover,563,27
1601,5,2024-05-16,480,4,Planned Maintenance,753,13
1602,5,2024-05-17,480,17,Mechanical Failure,720,37
1603,5,2024-05-18,480,58,Operator Break,663,33
1604,5,2024-05-19,480,5,Operator Break,667,18
1605,5,2024-05-20,480,11,Planned Maintenance,675,25
1606,5,2024-05-21,480,4,Changeover,729,17
1607,5,2024-05-22,480,9,Planned Maintenance,694,32
1608,5,2024-05-23,480,32,Material Shortage,679,15
1609,5,2024-05-24,480,19,Changeover,619,19
1610,5,2024-05-25,480,13,Mechanical Failure,621,17
1611,5,2024-05-26,480,76,Planned Maintenance,651,19
1612,5,2024-05-27,480,1,Planned Maintenance,657,21
1613,5,2024-05-28,480,72,Operator Break,555,25
1614,5,2024-05-29,480,2,Unspecified,775,24
1615,5,2024-05-30,480,36,Changeover,632,25
1616,5,2024-05-31,480,5,Mechanical Failure,647,33
1617,5,2024-06-01,480,61,Material Shortage,667,26
1618,5,2024-06-02,480,40,Operator Break,589,17
1619,5,2024-06-03,480,9,Changeover,713,713
1620,5,2024-06-04,480,3,Mechanical Failure,716,33
1621,5,2024-06-05,480,11,Unspecified,637,15
1622,5,2024-06-06,480,6,Operator Break,668,27
1623,5,2024-06-07,480,22,Mechanical Failure,702,21
1624,5,2024-06-08,480,42,Material Shortage,604,21
1625,5,2024-06-09,480,39,Planned Maintenance,605,13
1626,5,2024-06-10,480,52,Changeover,609,25
1627,5,2024-06-11,480,0,Unspecified,735,21
1628,5,2024-06-12,480,1,Changeover,721,19
1629,5,2024-06-13,480,11,Operator Break,629,14
1630,5,2024-06-14,480,8,Mechanical Failure,634,32
1631,5,2024-06-15,480,0,Unspecified,704,15
1632,5,2024-06-16,480,8,Planned Maintenance,757,757
1633,5,2024-06-17,480,82,Planned Maintenance,549,24
1634,5,2024-06-18,480,19,Changeover,733,27
1635,5,2024-06-19,480,18,Changeover,636,15
1636,5,2024-06-20,480,60,Material Shortage,596,18
1637,5,2024-06-21,480,34,Planned Maintenance,634,33
1638,5,2024-06-22,480,32,Material Shortage,673,33
1639,5,2024-06-23,480,1,Planned Maintenance,669,23
1640,5,2024-06-24,480,6,Planned Maintenance,733,37
1641,5,2024-06-25,480,13,Changeover,664,34
1642,5,2024-06-26,480,14,Unspecified,684,20
1643,5,2024-06-27,480,58,Planned Maintenance,630,28
1644,5,2024-06-28,480,40,Material Shortage,626,20
1645,5,2024-06-29,480,46,Changeover,620,28
1646,5,2024-06-30,480,69,Planned Maintenance,620,27
1647,5,2024-07-01,480,39,Material Shortage,696,22
1648,5,2024-07-02,480,1,Changeover,690,29
1649,5,2024-07-03,480,14,Changeover,722,22
1650,5,2024-07-04,480,24,Unspecified,627,28
1651,5,2024-07-05,480,19,Material Shortage,636,18
1652,5,2024-07-06,480,33,Material Shortage,655,16
1653,5,2024-07-07,480,83,Planned Maintenance,611,31
1654,5,2024-07-08,480,13,Planned Maintenance,684,34
1655,5,2024-07-09,480,18,Material Shortage,709,19
1656,5,2024-07-10,480,14,Material Shortage,631,16
1657,5,2024-07-11,480,0,Unspecified,638,33
1658,5,2024-07-12,480,6,Material Shortage,721,34
1659,5,2024-07-13,480,19,Material Shortage,629,27
1660,5,2024-07-14,480,22,Planned Maintenance,707,32
1661,5,2024-07-15,480,90,Material Shortage,583,17
1662,5,2024-07-16,480,25,Material Shortage,609,30
1663,5,2024-07-17,480,3,Changeover,676,31
1664,5,2024-07-18,480,22,Planned Maintenance,659,23
1665,5,2024-07-19,480,47,Material Shortage,616,30
1666,5,2024-07-20,480,2,Planned Maintenance,744,36
1667,5,2024-07-21,480,4,Operator Break,690,16
1668,5,2024-07-22,480,29,Material Shortage,669,27
1669,5,2024-07-23,480,5,Changeover,656,12
1670,5,2024-07-24,480,9,Changeover,702,34
1671,5,2024-07-25,480,26,Operator Break,659,34
1672,5,2024-07-26,480,31,Changeover,721,26
1673,5,2024-07-27,480,7,Operator Break,630,27
1674,5,2024-07-28,480,3,Material Shortage,673,24
1675,5,2024-07-29,480,20,Material Shortage,691,16
1676,5,2024-07-30,480,11,Planned Maintenance,707,37
1677,5,2024-07-31,480,31,Operator Break,719,32
1678,5,2024-08-01,480,21,Planned Maintenance,632,26
1679,5,2024-08-02,480,23,Planned Maintenance,687,24
1680,5,2024-08-03,480,18,Mechanical Failure,656,24
1681,5,2024-08-04,480,5,Material Shortage,744,18
1682,5,2024-08-05,480,2,Changeover,694,28
1683,5,2024-08-06,480,14,Material Shortage,653,24
1684,5,2024-08-07,480,10,Planned Maintenance,755,38
1685,5,2024-08-08,480,17,Material Shortage,657,29
1686,5,2024-08-09,480,0,Unspecified,703,21
1687,5,2024-08-10,480,61,Mechanical Failure,553,20
1688,5,2024-08-11,480,33,Material Shortage,656,13
1689,5,2024-08-12,480,87,Planned Maintenance,580,23
1690,5,2024-08-13,480,6,Material Shortage,695,23
1691,5,2024-08-14,480,1,Planned Maintenance,646,31
1692,5,2024-08-15,480,6,Planned Maintenance,653,23
1693,5,2024-08-16,480,35,Changeover,594,22
1694,5,2024-08-17,480,3,Operator Break,633,12
1695,5,2024-08-18,480,43,Changeover,591,11
1696,5,2024-08-19,480,14,Material Shortage,735,20
1697,5,2024-08-20,480,13,Mechanical Failure,621,21
1698,5,2024-08-21,480,21,Mechanical Failure,685,20
1699,5,2024-08-22,480,9,Unspecified,636,19
1700,5,2024-08-23,480,2,Changeover,743,39
1701,5,2024-08-24,480,85,Material Shortage,626,24
1702,5,2024-08-25,480,29,Material Shortage,634,25
1703,5,2024-08-26,480,14,Unspecified,683,30
1704,5,2024-08-27,480,8,Changeover,668,34
1705,5,2024-08-28,480,1,Operator Break,703,35
1706,5,2024-08-29,480,23,Changeover,679,18
1707,5,2024-08-30,480,10,Changeover,743,28
1708,5,2024-08-31,480,17,Material Shortage,624,11
1709,5,2024-09-01,480,81,Material Shortage,572,22
1710,5,2024-09-02,480,2,Material Shortage,730,37
1711,5,2024-09-03,480,20,Changeover,624,24
1712,5,2024-09-04,480,35,Planned Maintenance,642,31
1713,5,2024-09-05,480,25,Planned Maintenance,726,29
1714,5,2024-09-06,480,3,Material Shortage,674,16
1715,5,2024-09-07,480,58,Operator Break,655,27
1716,5,2024-09-08,480,8,Changeover,648,29
1717,5,2024-09-09,480,15,Unspecified,645,25
1718,5,2024-09-10,480,1,Operator Break,679,23
1719,5,2024-09-11,480,3,Mechanical Failure,774,19
1720,5,2024-09-12,480,3,Material Shortage,658,30
1721,5,2024-09-13,480,13,Mechanical Failure,697,13
1722,5,2024-09-14,480,0,Unspecified,698,33
1723,5,2024-09-15,480,52,Mechanical Failure,575,21
1724,5,2024-09-16,480,59,Operator Break,605,28
1725,5,2024-09-17,480,3,Operator Break,766,34
1726,5,2024-09-18,480,69,Mechanical Failure,627,19
1727,5,2024-09-19,480,68,Operator Break,578,17
1728,5,2024-09-20,480,29,Material Shortage,701,701
1729,5,2024-09-21,480,5,Operator Break,743,33
1730,5,2024-09-22,480,1,Planned Maintenance,688,19
1731,5,2024-09-23,480,8,Material Shortage,765,31
1732,5,2024-09-24,480,30,Mechanical Failure,729,22
1733,5,2024-09-25,480,39,Mechanical Failure,640,31
1734,5,2024-09-26,480,4,Material Shortage,766,19
1735,5,2024-09-27,480,9,Mechanical Failure,730,23
1736,5,2024-09-28,480,22,Changeover,666,29
1737,5,2024-09-29,480,6,Planned Maintenance,633,18
1738,5,2024-09-30,480,15,Operator Break,636,19
1739,5,2024-10-01,480,12,Material Shortage,624,24
1740,5,2024-10-02,480,52,Operator Break,584,23
1741,5,2024-10-03,480,26,Unspecified,657,28
1742,5,2024-10-04,480,12,Planned Maintenance,689,12
1743,5,2024-10-05,480,28,Changeover,688,13
1744,5,2024-10-06,480,11,Material Shortage,760,25
1745,5,2024-10-07,480,17,Operator Break,740,32
1746,5,2024-10-08,480,21,Mechanical Failure,718,35
1747,5,2024-10-09,480,14,Material Shortage,682,21
1748,5,2024-10-10,480,83,Operator Break,608,12
1749,5,2024-10-11,480,48,Planned Maintenance,633,12
1750,5,2024-10-12,480,19,Mechanical Failure,666,32
1751,5,2024-10-13,480,5,Unspecified,747,28
1752,5,2024-10-14,480,1,Changeover,775,28
1753,5,2024-10-15,480,8,Changeover,690,33
1754,5,2024-10-16,480,8,Material Shortage,650,14
1755,5,2024-10-17,480,8,Changeover,735,25
1756,5,2024-10-18,480,6,Changeover,648,19
1757,5,2024-10-19,480,68,Operator Break,586,31
1758,5,2024-10-20,480,16,Mechanical Failure,637,31
1759,5,2024-10-21,480,15,Operator Break,714,38
1760,5,2024-10-22,480,1,Planned Maintenance,645,28
1761,5,2024-10-23,480,8,Changeover,648,12
1762,5,2024-10-24,480,0,Unspecified,747,17
1763,5,2024-10-25,480,15,Changeover,699,23
1764,5,2024-10-26,480,0,Unspecified,748,13
1765,5,2024-10-27,480,35,Changeover,709,23
1766,5,2024-10-28,480,18,Planned Maintenance,676,21
1767,5,2024-10-29,480,53,Operator Break,680,20
1768,5,2024-10-30,480,23,Material Shortage,733,38
1769,5,2024-10-31,480,17,Operator Break,674,18
1770,5,2024-11-01,480,78,Planned Maintenance,547,21
1771,5,2024-11-02,480,8,Planned Maintenance,662,21
1772,5,2024-11-03,480,164,Changeover,421,16
1773,5,2024-11-04,480,2,Material Shortage,652,22
1774,5,2024-11-05,480,17,Changeover,647,18
1775,5,2024-11-06,480,2,Planned Maintenance,674,35
1776,5,2024-11-07,480,70,Planned Maintenance,582,22
1777,5,2024-11-08,480,58,Planned Maintenance,556,26
1778,5,2024-11-09,480,72,Mechanical Failure,549,13
1779,5,2024-11-10,480,79,Operator Break,595,10
1780,5,2024-11-11,480,7,Unspecified,689,29
1781,5,2024-11-12,480,32,Mechanical Failure,728,20
1782,5,2024-11-13,480,18,Planned Maintenance,685,22
1783,5,2024-11-14,480,4,Changeover,771,37
1784,5,2024-11-15,480,16,Planned Maintenance,698,18
1785,5,2024-11-16,480,19,Material Shortage,706,25
1786,5,2024-11-17,480,113,Planned Maintenance,553,17
1787,5,2024-11-18,480,36,Changeover,608,19
1788,5,2024-11-19,480,10,Planned Maintenance,682,31
1789,5,2024-11-20,480,16,Material Shortage,725,28
1790,5,2024-11-21,480,10,Unspecified,737,19
1791,5,2024-11-22,480,6,Changeover,698,19
1792,5,2024-11-23,480,0,Unspecified,728,26
1793,5,2024-11-24,480,14,Planned Maintenance,753,28
1794,5,2024-11-25,480,48,Operator Break,587,22
1795,5,2024-11-26,480,49,Operator Break,645,28
1796,5,2024-11-27,480,11,Planned Maintenance,631,21
1797,5,2024-11-28,480,12,Mechanical Failure,742,19
1798,5,2024-11-29,480,83,Changeover,640,17
1799,5,2024-11-30,480,10,Planned Maintenance,749,39
1800,5,2024-12-01,480,14,Changeover,660,24
1801,5,2024-12-02,480,28,Changeover,633,28
1802,5,2024-12-03,480,1,Planned Maintenance,638,20
1803,5,2024-12-04,480,10,Operator Break,665,23
1804,5,2024-12-05,480,9,Unspecified,648,18
1805,5,2024-12-06,480,90,Planned Maintenance,563,19
1806,5,2024-12-07,480,21,Operator Break,744,19
1807,5,2024-12-08,480,27,Planned Maintenance,697,27
1808,5,2024-12-09,480,2,Planned Maintenance,730,14
1809,5,2024-12-10,480,22,Operator Break,708,18
1810,5,2024-12-11,480,45,Planned Maintenance,577,27
1811,5,2024-12-12,480,15,Material Shortage,644,14
1812,5,2024-12-13,480,74,Mechanical Failure,544,13
1813,5,2024-12-14,480,10,Operator Break,709,26
1814,5,2024-12-15,480,3,Planned Maintenance,671,17
1815,5,2024-12-16,480,5,Planned Maintenance,686,29
1816,5,2024-12-17,480,5,Planned Maintenance,679,21
1817,5,2024-12-18,480,91,Material Shortage,627,29
1818,5,2024-12-19,480,6,Mechanical Failure,634,18
1819,5,2024-12-20,480,7,Planned Maintenance,697,31
1820,5,2024-12-21,480,47,Unspecified,683,21
1821,5,2024-12-22,480,28,Material Shortage,639,12
1822,5,2024-12-23,480,29,Unspecified,595,19
1823,5,2024-12-24,480,9,Operator Break,721,32
1824,5,2024-12-25,480,8,Material Shortage,740,21
1825,5,2024-12-26,480,14,Operator Break,718,30
1826,5,2024-12-27,480,106,Operator Break,518,21
1827,5,2024-12-28,480,23,Planned Maintenance,731,17
1828,5,2024-12-29,480,34,Changeover,666,18
1829,5,2024-12-30,480,15,Changeover,660,25
1830,5,2024-12-31,480,53,Changeover,637,25
1831,6,2024-01-01,480,15,Material Shortage,1278,13
1832,6,2024-01-02,480,11,Changeover,1293,13
1833,6,2024-01-03,480,16,Changeover,1268,10
1834,6,2024-01-04,480,149,Changeover,982,14
1835,6,2024-01-05,480,6,Operator Break,1381,22
1836,6,2024-01-06,480,82,Planned Maintenance,1007,14
1837,6,2024-01-07,480,101,Operator Break,1061,15
1838,6,2024-01-08,480,34,Planned Maintenance,1236,8
1839,6,2024-01-09,480,57,Operator Break,1062,12
1840,6,2024-01-10,480,19,Mechanical Failure,1282,10
1841,6,2024-01-11,480,66,Changeover,1211,10
1842,6,2024-01-12,480,6,Mechanical Failure,1208,20
1843,6,2024-01-13,480,42,Mechanical Failure,1198,9
1844,6,2024-01-14,480,59,Operator Break,1249,20
1845,6,2024-01-15,480,55,Operator Break,1066,8
1846,6,2024-01-16,480,2,Unspecified,1249,9
1847,6,2024-01-17,480,17,Mechanical Failure,1244,22
1848,6,2024-01-18,480,53,Operator Break,1259,19
1849,6,2024-01-19,480,6,Material Shortage,1370,13
1850,6,2024-01-20,480,57,Mechanical Failure,1126,21
1851,6,2024-01-21,480,17,Planned Maintenance,1216,21
1852,6,2024-01-22,480,1,Operator Break,1374,21
1853,6,2024-01-23,480,102,Operator Break,1145,21
1854,6,2024-01-24,480,3,Operator Break,1403,20
1855,6,2024-01-25,480,59,Planned Maintenance,1069,15
1856,6,2024-01-26,480,229,Material Shortage,751,8
1857,6,2024-01-27,480,2,Changeover,1278,1278
1858,6,2024-01-28,480,68,Material Shortage,1125,7
1859,6,2024-01-29,480,31,Operator Break,1228,22
1860,6,2024-01-30,480,58,Operator Break,1116,14
1861,6,2024-01-31,480,3,Operator Break,1444,15
1862,6,2024-02-01,480,36,Mechanical Failure,1185,17
1863,6,2024-02-02,480,61,Material Shortage,1206,11
1864,6,2024-02-03,480,21,Planned Maintenance,1164,16
1865,6,2024-02-04,480,2,Planned Maintenance,1343,23
1866,6,2024-02-05,480,125,Planned Maintenance,967,11
1867,6,2024-02-06,480,4,Material Shortage,1358,22
1868,6,2024-02-07,480,15,Planned Maintenance,1259,21
1869,6,2024-02-08,480,118,Operator Break,943,12
1870,6,2024-02-09,480,12,Operator Break,1181,20
1871,6,2024-02-10,480,97,Unspecified,1112,7
1872,6,2024-02-11,480,105,Changeover,1019,10
1873,6,2024-02-12,480,44,Operator Break,1097,17
1874,6,2024-02-13,480,49,Material Shortage,1109,9
1875,6,2024-02-14,480,11,Mechanical Failure,1171,15
1876,6,2024-02-15,480,104,Material Shortage,930,6
1877,6,2024-02-16,480,48,Unspecified,1270,13
1878,6,2024-02-17,480,24,Changeover,1281,12
1879,6,2024-02-18,480,1,Material Shortage,1384,19
1880,6,2024-02-19,480,49,Operator Break,1247,18
1881,6,2024-02-20,480,13,Planned Maintenance,1246,9
1882,6,2024-02-21,480,7,Changeover,1351,23
1883,6,2024-02-22,480,186,Mechanical Failure,831,7
1884,6,2024-02-23,480,6,Planned Maintenance,1391,18
1885,6,2024-02-24,480,54,Changeover,1243,18
1886,6,2024-02-25,480,102,Operator Break,944,14
1887,6,2024-02-26,480,107,Operator Break,981,14
1888,6,2024-02-27,480,21,Operator Break,1386,9
1889,6,2024-02-28,480,49,Changeover,1104,16
1890,6,2024-02-29,480,10,Material Shortage,1222,15
1891,6,2024-03-01,480,139,Operator Break,882,7
1892,6,2024-03-02,480,80,Planned Maintenance,1102,19
1893,6,2024-03-03,480,8,Material Shortage,1340,12
1894,6,2024-03-04,480,9,Material Shortage,1347,18
1895,6,2024-03-05,480,79,Operator Break,1060,12
1896,6,2024-03-06,480,29,Changeover,1369,13
1897,6,2024-03-07,480,19,Changeover,1231,16
1898,6,2024-03-08,480,16,Changeover,1390,13
1899,6,2024-03-09,480,128,Material Shortage,888,12
1900,6,2024-03-10,480,134,Changeover,886,16
1901,6,2024-03-11,480,34,Planned Maintenance,1344,19
1902,6,2024-03-12,480,20,Unspecified,1184,11
1903,6,2024-03-13,480,5,Unspecified,1210,9
1904,6,2024-03-14,480,31,Changeover,1313,10
1905,6,2024-03-15,480,7,Mechanical Failure,1342,11
1906,6,2024-03-16,480,5,Operator Break,1216,21
1907,6,2024-03-17,480,97,Mechanical Failure,1022,14
1908,6,2024-03-18,480,43,Mechanical Failure,1248,18
1909,6,2024-03-19,480,56,Operator Break,1110,7
1910,6,2024-03-20,480,34,Operator Break,1329,1329
1911,6,2024-03-21,480,101,Planned Maintenance,1152,9
1912,6,2024-03-22,480,66,Material Shortage,1182,21
1913,6,2024-03-23,480,240,Unspecified,687,6
1914,6,2024-03-24,480,90,Material Shortage,985,15
1915,6,2024-03-25,480,136,Operator Break,924,13
1916,6,2024-03-26,480,31,Operator Break,1220,12
1917,6,2024-03-27,480,81,Material Shortage,1200,21
1918,6,2024-03-28,480,10,Material Shortage,1397,21
1919,6,2024-03-29,480,16,Planned Maintenance,1161,11
1920,6,2024-03-30,480,138,Mechanical Failure,968,14
1921,6,2024-03-31,480,16,Changeover,1337,8
1922,6,2024-04-01,480,26,Planned Maintenance,1284,10
1923,6,2024-04-02,480,98,Changeover,993,14
1924,6,2024-04-03,480,29,Planned Maintenance,1267,9
1925,6,2024-04-04,480,0,Unspecified,1436,13
1926,6,2024-04-05,480,97,Mechanical Failure,1166,10
1927,6,2024-04-06,480,17,Changeover,1319,24
1928,6,2024-04-07,480,140,Mechanical Failure,937,15
1929,6,2024-04-08,480,8,Material Shortage,1431,26
1930,6,2024-04-09,480,10,Mechanical Failure,1240,9
1931,6,2024-04-10,480,17,Material Shortage,1360,15
1932,6,2024-04-11,480,5,Changeover,1265,23
1933,6,2024-04-12,480,56,Material Shortage,1147,9
1934,6,2024-04-13,480,242,Operator Break,699,6
1935,6,2024-04-14,480,4,Operator Break,1188,9
1936,6,2024-04-15,480,49,Operator Break,1294,16
1937,6,2024-04-16,480,105,Material Shortage,1021,15
1938,6,2024-04-17,480,74,Operator Break,1041,11
1939,6,2024-04-18,480,57,Changeover,1060,11
1940,6,2024-04-19,480,43,Changeover,1329,16
1941,6,2024-04-20,480,96,Planned Maintenance,1042,16
1942,6,2024-04-21,480,51,Material Shortage,1278,14
1943,6,2024-04-22,480,52,Changeover,1211,13
1944,6,2024-04-23,480,8,Changeover,1189,7
1945,6,2024-04-24,480,117,Changeover,944,8
1946,6,2024-04-25,480,75,Changeover,1073,13
1947,6,2024-04-26,480,10,Changeover,1420,24
1948,6,2024-04-27,480,113,Changeover,991,15
1949,6,2024-04-28,480,8,Material Shortage,1165,7
1950,6,2024-04-29,480,50,Changeover,1173,14
1951,6,2024-04-30,480,0,Unspecified,1300,19
1952,6,2024-05-01,480,33,Planned Maintenance,1291,11
1953,6,2024-05-02,480,95,Changeover,1080,9
1954,6,2024-05-03,480,15,Changeover,1315,21
1955,6,2024-05-04,480,30,Changeover,1176,20
1956,6,2024-05-05,480,62,Changeover,1139,14
1957,6,2024-05-06,480,12,Changeover,1323,14
1958,6,2024-05-07,480,308,Unspecified,471,5
1959,6,2024-05-08,480,47,Operator Break,1297,21
1960,6,2024-05-09,480,34,Changeover,1285,17
1961,6,2024-05-10,480,38,Unspecified,1138,13
1962,6,2024-05-11,480,16,Mechanical Failure,1389,14
1963,6,2024-05-12,480,172,Material Shortage,854,12
1964,6,2024-05-13,480,44,Mechanical Failure,1107,12
1965,6,2024-05-14,480,5,Operator Break,1342,15
1966,6,2024-05-15,480,85,Material Shortage,1024,8
1967,6,2024-05-16,480,29,Planned Maintenance,1354,20
1968,6,2024-05-17,480,30,Changeover,1244,9
1969,6,2024-05-18,480,236,Mechanical Failure,695,6
1970,6,2024-05-19,480,50,Planned Maintenance,1087,20
1971,6,2024-05-20,480,10,Mechanical Failure,1335,12
1972,6,2024-05-21,480,71,Planned Maintenance,1192,17
1973,6,2024-05-22,480,54,Material Shortage,1270,9
1974,6,2024-05-23,480,22,Planned Maintenance,1194,22
1975,6,2024-05-24,480,27,Changeover,1309,19
1976,6,2024-05-25,480,13,Mechanical Failure,1215,11
1977,6,2024-05-26,480,30,Material Shortage,1170,7
1978,6,2024-05-27,480,119,Changeover,1092,11
1979,6,2024-05-28,480,23,Changeover,1128,16
1980,6,2024-05-29,480,99,Unspecified,971,8
1981,6,2024-05-30,480,88,Mechanical Failure,1106,7
1982,6,2024-05-31,480,55,Operator Break,1123,12
1983,6,2024-06-01,480,83,Material Shortage,1165,13
1984,6,2024-06-02,480,166,Planned Maintenance,848,13
1985,6,2024-06-03,480,37,Mechanical Failure,1322,23
1986,6,2024-06-04,480,5,Mechanical Failure,1428,23
1987,6,2024-06-05,480,88,Planned Maintenance,1011,16
1988,6,2024-06-06,480,107,Mechanical Failure,981,17
1989,6,2024-06-07,480,2,Material Shortage,1219,15
1990,6,2024-06-08,480,48,Changeover,1226,7
1991,6,2024-06-09,480,183,Material Shortage,739,5
1992,6,2024-06-10,480,0,Unspecified,1341,24
1993,6,2024-06-11,480,62,Operator Break,1229,7
1994,6,2024-06-12,480,44,Changeover,1190,14
1995,6,2024-06-13,480,4,Mechanical Failure,1362,17
1996,6,2024-06-14,480,82,Operator Break,1093,8
1997,6,2024-06-15,480,59,Material Shortage,1079,18
1998,6,2024-06-16,480,53,Planned Maintenance,1091,20
1999,6,2024-06-17,480,41,Operator Break,1100,15
2000,6,2024-06-18,480,16,Planned Maintenance,1360,22
2001,6,2024-06-19,480,219,Planned Maintenance,719,8
2002,6,2024-06-20,480,79,Operator Break,1019,13
2003,6,2024-06-21,480,44,Operator Break,1097,12
2004,6,2024-06-22,480,108,Operator Break,1101,8
2005,6,2024-06-23,480,5,Material Shortage,1243,21
2006,6,2024-06-24,480,7,Mechanical Failure,1363,10
2007,6,2024-06-25,480,55,Changeover,1135,18
2008,6,2024-06-26,480,15,Changeover,1318,12
2009,6,2024-06-27,480,70,Changeover,1218,9
2010,6,2024-06-28,480,114,Material Shortage,1028,8
2011,6,2024-06-29,480,31,Material Shortage,1148,17
2012,6,2024-06-30,480,80,Operator Break,1010,12
2013,6,2024-07-01,480,95,Material Shortage,1158,14
2014,6,2024-07-02,480,170,Operator Break,860,9
2015,6,2024-07-03,480,106,Mechanical Failure,1028,12
2016,6,2024-07-04,480,38,Mechanical Failure,1306,21
2017,6,2024-07-05,480,29,Planned Maintenance,1198,14
2018,6,2024-07-06,480,48,Material Shortage,1124,18
2019,6,2024-07-07,480,37,Planned Maintenance,1177,8
2020,6,2024-07-08,480,15,Material Shortage,1402,14
2021,6,2024-07-09,480,10,Changeover,1284,13
2022,6,2024-07-10,480,2,Mechanical Failure,1267,16
2023,6,2024-07-11,480,45,Operator Break,1162,13
2024,6,2024-07-12,480,191,Changeover,775,7
2025,6,2024-07-13,480,15,Material Shortage,1269,20
2026,6,2024-07-14,480,13,Operator Break,1343,8
2027,6,2024-07-15,480,30,Unspecified,1311,13
2028,6,2024-07-16,480,47,Material Shortage,1118,17
2029,6,2024-07-17,480,3,Changeover,1411,12
2030,6,2024-07-18,480,117,Operator Break,969,14
2031,6,2024-07-19,480,21,Planned Maintenance,1372,10
2032,6,2024-07-20,480,11,Changeover,1290,1290
2033,6,2024-07-21,480,12,Material Shortage,1409,26
2034,6,2024-07-22,480,26,Changeover,1362,17
2035,6,2024-07-23,480,17,Planned Maintenance,1329,19
2036,6,2024-07-24,480,256,Mechanical Failure,586,8
2037,6,2024-07-25,480,3,Mechanical Failure,1207,7
2038,6,2024-07-26,480,426,Operator Break,158,2
2039,6,2024-07-27,480,40,Mechanical Failure,1161,9
2040,6,2024-07-28,480,19,Mechanical Failure,1236,19
2041,6,2024-07-29,480,44,Planned Maintenance,1094,7
2042,6,2024-07-30,480,6,Planned Maintenance,1281,23
2043,6,2024-07-31,480,57,Planned Maintenance,1239,15
2044,6,2024-08-01,480,25,Mechanical Failure,1150,19
2045,6,2024-08-02,480,86,Planned Maintenance,1009,12
2046,6,2024-08-03,480,37,Planned Maintenance,1252,22
2047,6,2024-08-04,480,49,Mechanical Failure,1197,8
2048,6,2024-08-05,480,3,Changeover,1227,8
2049,6,2024-08-06,480,77,Planned Maintenance,1162,9
2050,6,2024-08-07,480,102,Unspecified,965,9
2051,6,2024-08-08,480,16,Material Shortage,1243,11
2052,6,2024-08-09,480,38,Changeover,1193,22
2053,6,2024-08-10,480,3,Planned Maintenance,1215,8
2054,6,2024-08-11,480,55,Unspecified,1061,17
2055,6,2024-08-12,480,40,Mechanical Failure,1219,16
2056,6,2024-08-13,480,10,Changeover,1212,12
2057,6,2024-08-14,480,51,Planned Maintenance,1109,8
2058,6,2024-08-15,480,199,Mechanical Failure,696,11
2059,6,2024-08-16,480,88,Changeover,1033,8
2060,6,2024-08-17,480,8,Changeover,1354,19
2061,6,2024-08-18,480,86,Mechanical Failure,1185,17
2062,6,2024-08-19,480,9,Planned Maintenance,1227,20
2063,6,2024-08-20,480,13,Changeover,1170,17
2064,6,2024-08-21,480,29,Unspecified,1352,19
2065,6,2024-08-22,480,5,Mechanical Failure,1432,13
2066,6,2024-08-23,480,23,Unspecified,1233,8
2067,6,2024-08-24,480,38,Changeover,1121,12
2068,6,2024-08-25,480,24,Mechanical Failure,1328,21
2069,6,2024-08-26,480,9,Material Shortage,1261,13
2070,6,2024-08-27,480,9,Operator Break,1379,20
2071,6,2024-08-28,480,11,Changeover,1255,9
2072,6,2024-08-29,480,56,Unspecified,1075,20
2073,6,2024-08-30,480,86,Material Shortage,1060,14
2074,6,2024-08-31,480,137,Mechanical Failure,955,8
2075,6,2024-09-01,480,27,Changeover,1338,19
2076,6,2024-09-02,480,59,Operator Break,1249,21
2077,6,2024-09-03,480,143,Planned Maintenance,849,11
2078,6,2024-09-04,480,76,Material Shortage,1173,16
2079,6,2024-09-05,480,10,Unspecified,1375,21
2080,6,2024-09-06,480,5,Planned Maintenance,1298,10
2081,6,2024-09-07,480,23,Operator Break,1131,12
2082,6,2024-09-08,480,45,Changeover,1228,17
2083,6,2024-09-09,480,102,Unspecified,979,7
2084,6,2024-09-10,480,108,Mechanical Failure,950,17
2085,6,2024-09-11,480,104,Operator Break,1036,19
2086,6,2024-09-12,480,5,Mechanical Failure,1254,17
2087,6,2024-09-13,480,24,Operator Break,1369,9
2088,6,2024-09-14,480,45,Changeover,1221,17
2089,6,2024-09-15,480,16,Mechanical Failure,1241,20
2090,6,2024-09-16,480,12,Mechanical Failure,1378,18
2091,6,2024-09-17,480,81,Planned Maintenance,1148,10
2092,6,2024-09-18,480,47,Changeover,1285,15
2093,6,2024-09-19,480,192,Mechanical Failure,785,6
2094,6,2024-09-20,480,27,Operator Break,1366,14
2095,6,2024-09-21,480,114,Changeover,1089,11
2096,6,2024-09-22,480,4,Mechanical Failure,1373,13
2097,6,2024-09-23,480,86,Material Shortage,1072,13
2098,6,2024-09-24,480,85,Planned Maintenance,1061,12
2099,6,2024-09-25,480,26,Mechanical Failure,1215,15
2100,6,2024-09-26,480,93,Planned Maintenance,1035,13
2101,6,2024-09-27,480,63,Changeover,1093,10
2102,6,2024-09-28,480,153,Material Shortage,943,12
2103,6,2024-09-29,480,59,Material Shortage,1044,14
2104,6,2024-09-30,480,40,Operator Break,1223,13
2105,6,2024-10-01,480,4,Planned Maintenance,1226,1226
2106,6,2024-10-02,480,29,Operator Break,1233,8
2107,6,2024-10-03,480,2,Planned Maintenance,1377,17
2108,6,2024-10-04,480,40,Planned Maintenance,1146,17
2109,6,2024-10-05,480,10,Changeover,1210,14
2110,6,2024-10-06,480,19,Mechanical Failure,1202,17
2111,6,2024-10-07,480,59,Material Shortage,1239,14
2112,6,2024-10-08,480,4,Changeover,1248,23
2113,6,2024-10-09,480,51,Mechanical Failure,1234,7
2114,6,2024-10-10,480,41,Changeover,1091,14
2115,6,2024-10-11,480,143,Planned Maintenance,1019,13
2116,6,2024-10-12,480,34,Operator Break,1343,1343
2117,6,2024-10-13,480,3,Changeover,1304,12
2118,6,2024-10-14,480,35,Operator Break,1214,16
2119,6,2024-10-15,480,25,Planned Maintenance,1164,14
2120,6,2024-10-16,480,100,Operator Break,1083,11
2121,6,2024-10-17,480,155,Material Shortage,973,8
2122,6,2024-10-18,480,2,Changeover,1383,23
2123,6,2024-10-19,480,195,Mechanical Failure,849,11
2124,6,2024-10-20,480,42,Unspecified,1086,10
2125,6,2024-10-21,480,34,Unspecified,1261,16
2126,6,2024-10-22,480,76,Material Shortage,1061,14
2127,6,2024-10-23,480,5,Mechanical Failure,1284,20
2128,6,2024-10-24,480,67,Planned Maintenance,1255,12
2129,6,2024-10-25,480,39,Mechanical Failure,1171,13
2130,6,2024-10-26,480,110,Planned Maintenance,1058,18
2131,6,2024-10-27,480,12,Unspecified,1390,9
2132,6,2024-10-28,480,124,Changeover,945,9
2133,6,2024-10-29,480,40,Unspecified,1324,9
2134,6,2024-10-30,480,24,Operator Break,1350,15
2135,6,2024-10-31,480,12,Changeover,1268,14
2136,6,2024-11-01,480,140,Material Shortage,988,12
2137,6,2024-11-02,480,252,Planned Maintenance,623,4
2138,6,2024-11-03,480,17,Material Shortage,1258,10
2139,6,2024-11-04,480,167,Planned Maintenance,910,8
2140,6,2024-11-05,480,50,Unspecified,1239,22
2141,6,2024-11-06,480,121,Unspecified,992,15
2142,6,2024-11-07,480,46,Mechanical Failure,1208,9
2143,6,2024-11-08,480,7,Planned Maintenance,1311,1311
2144,6,2024-11-09,480,1,Unspecified,1381,9
2145,6,2024-11-10,480,51,Material Shortage,1191,21
2146,6,2024-11-11,480,37,Operator Break,1108,14
2147,6,2024-11-12,480,104,Planned Maintenance,1144,13
2148,6,2024-11-13,480,21,Planned Maintenance,1372,11
2149,6,2024-11-14,480,54,Operator Break,1150,7
2150,6,2024-11-15,480,24,Changeover,1194,17
2151,6,2024-11-16,480,168,Operator Break,817,13
2152,6,2024-11-17,480,3,Changeover,1324,9
2153,6,2024-11-18,480,154,Mechanical Failure,948,13
2154,6,2024-11-19,480,98,Planned Maintenance,1085,20
2155,6,2024-11-20,480,71,Material Shortage,1227,15
2156,6,2024-11-21,480,7,Material Shortage,1310,10
2157,6,2024-11-22,480,50,Mechanical Failure,1180,16
2158,6,2024-11-23,480,0,Unspecified,1237,15
2159,6,2024-11-24,480,170,Mechanical Failure,833,9
2160,6,2024-11-25,480,71,Material Shortage,1151,11
2161,6,2024-11-26,480,30,Planned Maintenance,1166,21
2162,6,2024-11-27,480,7,Planned Maintenance,1267,8
2163,6,2024-11-28,480,14,Changeover,1359,11
2164,6,2024-11-29,480,4,Mechanical Failure,1304,8
2165,6,2024-11-30,480,5,Material Shortage,1393,1393
2166,6,2024-12-01,480,139,Changeover,1009,14
2167,6,2024-12-02,480,3,Planned Maintenance,1392,23
2168,6,2024-12-03,480,91,Mechanical Failure,1073,9
2169,6,2024-12-04,480,105,Unspecified,1082,20
2170,6,2024-12-05,480,9,Material Shortage,1222,10
2171,6,2024-12-06,480,89,Operator Break,1006,7
2172,6,2024-12-07,480,371,Changeover,270,4
2173,6,2024-12-08,480,25,Changeover,1343,17
2174,6,2024-12-09,480,131,Mechanical Failure,1047,6
2175,6,2024-12-10,480,4,Material Shortage,1242,18
2176,6,2024-12-11,480,124,Mechanical Failure,972,13
2177,6,2024-12-12,480,11,Mechanical Failure,1375,25
2178,6,2024-12-13,480,17,Mechanical Failure,1274,9
2179,6,2024-12-14,480,46,Planned Maintenance,1196,9
2180,6,2024-12-15,480,33,Operator Break,1188,15
2181,6,2024-12-16,480,49,Operator Break,1064,16
2182,6,2024-12-17,480,70,Operator Break,1097,7
2183,6,2024-12-18,480,79,Material Shortage,1210,11
2184,6,2024-12-19,480,22,Planned Maintenance,1177,15
2185,6,2024-12-20,480,9,Mechanical Failure,1258,18
2186,6,2024-12-21,480,46,Operator Break,1167,13
2187,6,2024-12-22,480,46,Planned Maintenance,1071,7
2188,6,2024-12-23,480,120,Changeover,903,13
2189,6,2024-12-24,480,143,Changeover,883,9
2190,6,2024-12-25,480,47,Planned Maintenance,1288,23
2191,6,2024-12-26,480,76,Changeover,1016,14
2192,6,2024-12-27,480,29,Operator Break,1234,8
2193,6,2024-12-28,480,12,Changeover,1368,16
2194,6,2024-12-29,480,20,Material Shortage,1236,1236
2195,6,2024-12-30,480,78,Changeover,1054,8
2196,6,2024-12-31,480,16,Operator Break,1391,18
